"No.","Time","Source","Destination","Protocol","Length","Signal strength (dBm)","Data rate"
"30","0.088016","Commscope_23:24:6c","VantivaUSA_da:e6:14","802.11","387","-27 dBm","6"
"32","0.089703","Commscope_23:24:6c","Broadcast","802.11","287","-27 dBm","6.5"
"33","0.089705","Commscope_23:24:6c","VantivaUSA_da:e6:14","802.11","387","-26 dBm","6"
"34","0.090485","Commscope_23:24:6c","VantivaUSA_da:e6:14","802.11","387","-26 dBm","6"
"35","0.090951","Commscope_23:24:6c","VantivaUSA_da:e6:14","802.11","387","-27 dBm","6"
"52","0.100692","Commscope_23:24:6c","VantivaUSA_da:e6:14","802.11","387","-27 dBm","6"
"53","0.100698","Commscope_23:24:6c","VantivaUSA_da:e6:14","802.11","387","-26 dBm","6"
"54","0.101852","Commscope_23:24:6c","VantivaUSA_da:e6:14","802.11","387","-26 dBm","6"
"55","0.101856","Commscope_23:24:6c","VantivaUSA_da:e6:14","802.11","387","-26 dBm","6"
"102","0.192013","Commscope_23:24:6c","Broadcast","802.11","287","-27 dBm","6.5"
"144","0.294540","Commscope_23:24:6c","Broadcast","802.11","287","-26 dBm","6.5"
"182","0.395837","Commscope_23:24:6c","Broadcast","802.11","287","-27 dBm","6.5"
"217","0.498050","Commscope_23:24:6c","Broadcast","802.11","287","-27 dBm","6.5"
"248","0.601803","Commscope_23:24:6c","Broadcast","802.11","287","-27 dBm","6.5"
"322","0.805499","Commscope_23:24:6c","Broadcast","802.11","287","-26 dBm","6.5"
"363","0.908873","Commscope_23:24:6c","Broadcast","802.11","287","-26 dBm","6.5"
"431","1.010208","Commscope_23:24:6c","Broadcast","802.11","287","-26 dBm","6.5"
"471","1.112737","Commscope_23:24:6c","Broadcast","802.11","287","-26 dBm","6.5"
"511","1.217113","Commscope_23:24:6c","Broadcast","802.11","287","-27 dBm","6.5"
"537","1.321650","Commscope_23:24:6c","Broadcast","802.11","287","0 dBm","6.5"
"576","1.424168","Commscope_23:24:6c","Broadcast","802.11","287","-27 dBm","6.5"
"618","1.523159","Commscope_23:24:6c","Broadcast","802.11","287","-27 dBm","6.5"
"659","1.626879","Commscope_23:24:6c","Broadcast","802.11","287","-26 dBm","6.5"
"703","1.729849","Commscope_23:24:6c","Broadcast","802.11","287","-27 dBm","6.5"
"733","1.839960","Commscope_23:24:6c","Broadcast","802.11","287","-29 dBm","6.5"
"774","1.934689","Commscope_23:24:6c","Broadcast","802.11","287","-30 dBm","6.5"
"828","2.037618","Commscope_23:24:6c","Broadcast","802.11","287","-28 dBm","6.5"
"888","2.138966","Commscope_23:24:6c","Broadcast","802.11","287","-31 dBm","6.5"
"908","2.179069","Commscope_23:24:6c","VantivaUSA_c5:dd:3d","802.11","387","-32 dBm","6"
"942","2.243694","Commscope_23:24:6c","Broadcast","802.11","287","-31 dBm","6.5"
"997","2.343497","Commscope_23:24:6c","Broadcast","802.11","287","-29 dBm","6.5"
"1031","2.432019","Commscope_23:24:6c","4e:82:6c:c0:a6:1e","802.11","387","-27 dBm","6"
"1032","2.432025","Commscope_23:24:6c","4e:82:6c:c0:a6:1e","802.11","387","-28 dBm","6"
"1035","2.446739","Commscope_23:24:6c","Broadcast","802.11","287","-28 dBm","6.5"
"1080","2.546328","Commscope_23:24:6c","Broadcast","802.11","287","-27 dBm","6.5"
"1123","2.649619","Commscope_23:24:6c","Broadcast","802.11","287","-28 dBm","6.5"
"1151","2.752555","Commscope_23:24:6c","Broadcast","802.11","287","-28 dBm","6.5"
"1185","2.862193","Commscope_23:24:6c","Broadcast","802.11","287","-28 dBm","6.5"
"1216","2.957445","Commscope_23:24:6c","Broadcast","802.11","287","-27 dBm","6.5"
"1265","3.061198","Commscope_23:24:6c","Broadcast","802.11","287","-27 dBm","6.5"
"1358","3.264768","Commscope_23:24:6c","Broadcast","802.11","287","-27 dBm","6.5"
"1420","3.365590","Commscope_23:24:6c","Broadcast","802.11","287","-27 dBm","6.5"
"1464","3.469377","Commscope_23:24:6c","Broadcast","802.11","287","-28 dBm","6.5"
"1504","3.571755","Commscope_23:24:6c","Broadcast","802.11","287","-27 dBm","6.5"
"1554","3.673442","Commscope_23:24:6c","Broadcast","802.11","287","-28 dBm","6.5"
"1595","3.776080","Commscope_23:24:6c","Broadcast","802.11","287","-27 dBm","6.5"
"1667","3.981750","Commscope_23:24:6c","Broadcast","802.11","287","-28 dBm","6.5"
"2067","5.007314","Commscope_23:24:6c","Broadcast","802.11","287","-29 dBm","6.5"
"2114","5.107633","Commscope_23:24:6c","Broadcast","802.11","287","-27 dBm","6.5"
"2127","5.134563","Commscope_23:24:6c","06:c1:a6:c8:71:7a","802.11","387","-26 dBm","6"
"2128","5.134567","Commscope_23:24:6c","06:c1:a6:c8:71:7a","802.11","387","-26 dBm","6"
"2129","5.134570","Commscope_23:24:6c","06:c1:a6:c8:71:7a","802.11","387","-26 dBm","6"
"2130","5.135750","Commscope_23:24:6c","06:c1:a6:c8:71:7a","802.11","387","-27 dBm","6"
"2158","5.194240","Commscope_23:24:6c","06:c1:a6:c8:71:7a","802.11","387","-26 dBm","6"
"2159","5.194245","Commscope_23:24:6c","06:c1:a6:c8:71:7a","802.11","387","-26 dBm","6"
"2160","5.194248","Commscope_23:24:6c","06:c1:a6:c8:71:7a","802.11","387","-26 dBm","6"
"2161","5.196729","Commscope_23:24:6c","06:c1:a6:c8:71:7a","802.11","387","-26 dBm","6"
"2181","5.210453","Commscope_23:24:6c","Broadcast","802.11","287","-27 dBm","6.5"
"2236","5.313533","Commscope_23:24:6c","Broadcast","802.11","287","-31 dBm","6.5"
"2246","5.319933","Commscope_23:24:6c","VantivaUSA_e6:e2:80","802.11","387","-28 dBm","6"
"2247","5.321246","Commscope_23:24:6c","VantivaUSA_e6:e2:80","802.11","387","-28 dBm","6"
"2248","5.321249","Commscope_23:24:6c","VantivaUSA_e6:e2:80","802.11","387","-27 dBm","6"
"2249","5.322570","Commscope_23:24:6c","VantivaUSA_e6:e2:80","802.11","387","-27 dBm","6"
"2307","5.414469","Commscope_23:24:6c","Broadcast","802.11","287","-26 dBm","6.5"
"2356","5.517485","Commscope_23:24:6c","Broadcast","802.11","287","-28 dBm","6.5"
"2393","5.622221","Commscope_23:24:6c","Broadcast","802.11","287","-30 dBm","6.5"
"2440","5.723591","Commscope_23:24:6c","Broadcast","802.11","287","-27 dBm","6.5"
"2481","5.825253","Commscope_23:24:6c","Broadcast","802.11","287","-28 dBm","6.5"
"2558","6.029491","Commscope_23:24:6c","Broadcast","802.11","287","-31 dBm","6.5"
"2570","6.051679","Commscope_23:24:6c","VantivaUSA_80:25:f0","802.11","387","-31 dBm","6"
"2572","6.061004","Commscope_23:24:6c","VantivaUSA_80:25:f0","802.11","387","-30 dBm","6"
"2573","6.063922","Commscope_23:24:6c","VantivaUSA_80:25:f0","802.11","387","-30 dBm","6"
"2594","6.133157","Commscope_23:24:6c","Broadcast","802.11","287","-29 dBm","6.5"
"2677","6.232852","Commscope_23:24:6c","Broadcast","802.11","287","-30 dBm","6.5"
"2701","6.337982","Commscope_23:24:6c","Broadcast","802.11","287","-30 dBm","6.5"
"2744","6.413792","Commscope_23:24:6c","VantivaUSA_47:c6:30","802.11","387","-29 dBm","6"
"2746","6.414553","Commscope_23:24:6c","VantivaUSA_47:c6:30","802.11","387","-29 dBm","6"
"2748","6.423069","Commscope_23:24:6c","VantivaUSA_47:c6:30","802.11","387","-29 dBm","6"
"2750","6.423174","Commscope_23:24:6c","VantivaUSA_47:c6:30","802.11","387","-30 dBm","6"
"2758","6.438625","Commscope_23:24:6c","Broadcast","802.11","287","-30 dBm","6.5"
"2797","6.549261","Commscope_23:24:6c","Broadcast","802.11","287","0 dBm","6.5"
"2814","6.590745","Commscope_23:24:6c","VantivaUSA_bb:04:d1","802.11","387","-30 dBm","6"
"2816","6.590751","Commscope_23:24:6c","VantivaUSA_bb:04:d1","802.11","387","-31 dBm","6"
"2817","6.590754","Commscope_23:24:6c","VantivaUSA_bb:04:d1","802.11","387","-31 dBm","6"
"2818","6.590757","Commscope_23:24:6c","VantivaUSA_bb:04:d1","802.11","387","-30 dBm","6"
"2900","6.754515","Commscope_23:24:6c","Broadcast","802.11","287","-29 dBm","6.5"
"2901","6.754634","Commscope_23:24:6c","VantivaUSA_3f:b1:bd","802.11","387","-28 dBm","6"
"2902","6.754638","Commscope_23:24:6c","VantivaUSA_3f:b1:bd","802.11","387","-28 dBm","6"
"2949","6.848297","Commscope_23:24:6c","Broadcast","802.11","287","-29 dBm","6.5"
"2984","6.951307","Commscope_23:24:6c","Broadcast","802.11","287","-29 dBm","6.5"
"3084","7.155368","Commscope_23:24:6c","Broadcast","802.11","287","-29 dBm","6.5"
"3113","7.260618","Commscope_23:24:6c","Broadcast","802.11","287","-30 dBm","6.5"
"3154","7.363562","Commscope_23:24:6c","Broadcast","802.11","287","-31 dBm","6.5"
"3180","7.462569","Commscope_23:24:6c","Broadcast","802.11","287","-32 dBm","6.5"
"3214","7.568131","Commscope_23:24:6c","Broadcast","802.11","287","-32 dBm","6.5"
"3252","7.668177","Commscope_23:24:6c","Broadcast","802.11","287","-29 dBm","6.5"
"3289","7.785655","Commscope_23:24:6c","Broadcast","802.11","287","-29 dBm","6.5"
"3316","7.874610","Commscope_23:24:6c","Broadcast","802.11","287","-30 dBm","6.5"
"3386","7.975128","Commscope_23:24:6c","Broadcast","802.11","287","-30 dBm","6.5"
"3435","8.076986","Commscope_23:24:6c","Broadcast","802.11","287","-30 dBm","6.5"
"3485","8.181814","Commscope_23:24:6c","Broadcast","802.11","287","-29 dBm","6.5"
"3524","8.285670","Commscope_23:24:6c","Broadcast","802.11","287","-29 dBm","6.5"
"3565","8.387792","Commscope_23:24:6c","Broadcast","802.11","287","-30 dBm","6.5"
"3613","8.487632","Commscope_23:24:6c","Broadcast","802.11","287","-30 dBm","6.5"
"3657","8.587962","Commscope_23:24:6c","Broadcast","802.11","287","-30 dBm","6.5"
"3702","8.692050","Commscope_23:24:6c","Broadcast","802.11","287","-29 dBm","6.5"
"3757","8.796056","Commscope_23:24:6c","Broadcast","802.11","287","-29 dBm","6.5"
"3793","8.897176","Commscope_23:24:6c","Broadcast","802.11","287","-30 dBm","6.5"
"3834","8.999968","Commscope_23:24:6c","Broadcast","802.11","287","-30 dBm","6.5"
"3878","9.104043","Commscope_23:24:6c","Broadcast","802.11","287","-30 dBm","6.5"
"3944","9.204011","Commscope_23:24:6c","f2:11:74:87:46:d8","802.11","387","-30 dBm","6"
"3949","9.204291","Commscope_23:24:6c","Broadcast","802.11","287","-29 dBm","6.5"
"3950","9.205118","Commscope_23:24:6c","f2:11:74:87:46:d8","802.11","387","-29 dBm","6"
"3951","9.210379","Commscope_23:24:6c","f2:11:74:87:46:d8","802.11","387","-30 dBm","6"
"3964","9.226346","Commscope_23:24:6c","f2:11:74:87:46:d8","802.11","387","-30 dBm","6"
"3965","9.226355","Commscope_23:24:6c","f2:11:74:87:46:d8","802.11","387","-29 dBm","6"
"3966","9.229271","Commscope_23:24:6c","f2:11:74:87:46:d8","802.11","387","-29 dBm","6"
"4008","9.309070","Commscope_23:24:6c","Broadcast","802.11","287","-29 dBm","6.5"
"4010","9.318919","Commscope_23:24:6c","62:9c:2b:c7:0b:0e","802.11","387","-29 dBm","6"
"4011","9.318921","Commscope_23:24:6c","62:9c:2b:c7:0b:0e","802.11","387","-29 dBm","6"
"4012","9.318922","Commscope_23:24:6c","62:9c:2b:c7:0b:0e","802.11","387","-29 dBm","6"
"4013","9.319611","Commscope_23:24:6c","62:9c:2b:c7:0b:0e","802.11","387","-30 dBm","6"
"4026","9.367046","Commscope_23:24:6c","NestLabs_90:13:f4","802.11","387","-28 dBm","6"
"4027","9.367048","Commscope_23:24:6c","NestLabs_90:13:f4","802.11","387","-30 dBm","6"
"4028","9.367051","Commscope_23:24:6c","NestLabs_90:13:f4","802.11","387","-29 dBm","6"
"4029","9.368196","Commscope_23:24:6c","NestLabs_90:13:f4","802.11","387","-30 dBm","6"
"4051","9.408683","Commscope_23:24:6c","Broadcast","802.11","287","-29 dBm","6.5"
"4088","9.513921","Commscope_23:24:6c","Broadcast","802.11","287","-29 dBm","6.5"
"4129","9.612914","Commscope_23:24:6c","Broadcast","802.11","287","-30 dBm","6.5"
"4171","9.717368","Commscope_23:24:6c","Broadcast","802.11","287","-29 dBm","6.5"
"4216","9.817525","Commscope_23:24:6c","Broadcast","802.11","287","-30 dBm","6.5"
"4263","9.919920","Commscope_23:24:6c","Broadcast","802.11","287","-28 dBm","6.5"
"4310","10.024340","Commscope_23:24:6c","Broadcast","802.11","287","-28 dBm","6.5"
"4332","10.090221","Commscope_23:24:6c","VantivaUSA_da:e6:14","802.11","387","0 dBm","6"
"4335","10.094310","Commscope_23:24:6c","VantivaUSA_da:e6:14","802.11","387","0 dBm","6"
"4351","10.128717","Commscope_23:24:6c","Broadcast","802.11","287","-29 dBm","6.5"
"4384","10.227041","Commscope_23:24:6c","Broadcast","802.11","287","-27 dBm","6.5"
"4427","10.332503","Commscope_23:24:6c","Broadcast","802.11","287","-28 dBm","6.5"
"4457","10.433859","Commscope_23:24:6c","Broadcast","802.11","287","-28 dBm","6.5"
"4518","10.534689","Commscope_23:24:6c","Broadcast","802.11","287","-29 dBm","6.5"
"4568","10.642190","Commscope_23:24:6c","Broadcast","802.11","287","-27 dBm","6.5"
"4603","10.742047","Commscope_23:24:6c","Broadcast","802.11","287","-27 dBm","6.5"
"4635","10.845304","Commscope_23:24:6c","Broadcast","802.11","287","-26 dBm","6.5"
"4681","10.945520","Commscope_23:24:6c","Broadcast","802.11","287","-29 dBm","6.5"
"4730","11.045900","Commscope_23:24:6c","Broadcast","802.11","287","-28 dBm","6.5"
"4799","11.149577","Commscope_23:24:6c","Broadcast","802.11","287","-27 dBm","6.5"
"4844","11.250561","Commscope_23:24:6c","Broadcast","802.11","287","-28 dBm","6.5"
"4931","11.456685","Commscope_23:24:6c","Broadcast","802.11","287","-28 dBm","6.5"
"4976","11.559066","Commscope_23:24:6c","Broadcast","802.11","287","-28 dBm","6.5"
"5032","11.661950","Commscope_23:24:6c","Broadcast","802.11","287","-26 dBm","6.5"
"5132","11.876524","Commscope_23:24:6c","Broadcast","802.11","287","-33 dBm","6.5"
"5171","11.969593","Commscope_23:24:6c","Broadcast","802.11","287","-31 dBm","6.5"
"5229","12.070710","Commscope_23:24:6c","Broadcast","802.11","287","-30 dBm","6.5"
"5273","12.173350","Commscope_23:24:6c","Broadcast","802.11","287","-30 dBm","6.5"
"5315","12.278366","Commscope_23:24:6c","Broadcast","802.11","287","-27 dBm","6.5"
"5358","12.377837","Commscope_23:24:6c","Broadcast","802.11","287","-26 dBm","6.5"
"5444","12.584658","Commscope_23:24:6c","Broadcast","802.11","287","-27 dBm","6.5"
"5457","12.640448","Commscope_23:24:6c","Intel_c4:08:e2","802.11","387","-28 dBm","6"
"5471","12.686991","Commscope_23:24:6c","Broadcast","802.11","287","0 dBm","6.5"
"5513","12.790741","Commscope_23:24:6c","Broadcast","802.11","287","-28 dBm","6.5"
"5546","12.891391","Commscope_23:24:6c","Broadcast","802.11","287","-30 dBm","6.5"
"5607","12.995417","Commscope_23:24:6c","Broadcast","802.11","287","-30 dBm","6.5"
"5692","13.196040","Commscope_23:24:6c","Broadcast","802.11","287","-30 dBm","6.5"
"5741","13.299496","Commscope_23:24:6c","Broadcast","802.11","287","-28 dBm","6.5"
"5782","13.401291","Commscope_23:24:6c","Broadcast","802.11","287","-27 dBm","6.5"
"5818","13.506532","Commscope_23:24:6c","Broadcast","802.11","287","-28 dBm","6.5"
"5876","13.608599","Commscope_23:24:6c","Broadcast","802.11","287","-29 dBm","6.5"
"5931","13.708161","Commscope_23:24:6c","Broadcast","802.11","287","-28 dBm","6.5"
"5972","13.814990","Commscope_23:24:6c","Broadcast","802.11","287","-28 dBm","6.5"
"6002","13.921600","Commscope_23:24:6c","Broadcast","802.11","287","-28 dBm","6.5"
"6049","14.018473","Commscope_23:24:6c","Broadcast","802.11","287","-28 dBm","6.5"
"6109","14.120521","Commscope_23:24:6c","Broadcast","802.11","287","-28 dBm","6.5"
"6154","14.223136","Commscope_23:24:6c","Broadcast","802.11","287","-28 dBm","6.5"
"6200","14.326996","Commscope_23:24:6c","Broadcast","802.11","287","-28 dBm","6.5"
"6237","14.427136","Commscope_23:24:6c","Broadcast","802.11","287","-28 dBm","6.5"
"6252","14.449793","Commscope_23:24:6c","VantivaUSA_da:dd:a1","802.11","387","-28 dBm","6"
"6253","14.449796","Commscope_23:24:6c","VantivaUSA_da:dd:a1","802.11","387","-28 dBm","6"
"6254","14.449799","Commscope_23:24:6c","VantivaUSA_da:dd:a1","802.11","387","-27 dBm","6"
"6255","14.449804","Commscope_23:24:6c","VantivaUSA_da:dd:a1","802.11","387","-28 dBm","6"
"6262","14.461164","Commscope_23:24:6c","VantivaUSA_da:dd:a1","802.11","387","-28 dBm","6"
"6263","14.461167","Commscope_23:24:6c","VantivaUSA_da:dd:a1","802.11","387","-27 dBm","6"
"6265","14.464165","Commscope_23:24:6c","VantivaUSA_da:dd:a1","802.11","387","-28 dBm","6"
"6266","14.464169","Commscope_23:24:6c","VantivaUSA_da:dd:a1","802.11","387","-27 dBm","6"
"6292","14.531367","Commscope_23:24:6c","Broadcast","802.11","287","-28 dBm","6.5"
"6332","14.633580","Commscope_23:24:6c","Broadcast","802.11","287","-27 dBm","6.5"
"6367","14.733950","Commscope_23:24:6c","Broadcast","802.11","287","-26 dBm","6.5"
"6397","14.837360","Commscope_23:24:6c","Broadcast","802.11","287","-26 dBm","6.5"
"6437","14.936721","Commscope_23:24:6c","Broadcast","802.11","287","-28 dBm","6.5"
"6495","15.040397","Commscope_23:24:6c","Broadcast","802.11","287","-28 dBm","6.5"
"6520","15.144562","Commscope_23:24:6c","Broadcast","802.11","287","-26 dBm","6.5"
"6560","15.248155","Commscope_23:24:6c","Broadcast","802.11","287","-27 dBm","6.5"
"6598","15.317563","Commscope_23:24:6c","VantivaUSA_e6:e2:80","802.11","387","-28 dBm","6"
"6599","15.318583","Commscope_23:24:6c","VantivaUSA_e6:e2:80","802.11","387","-28 dBm","6"
"6600","15.318585","Commscope_23:24:6c","VantivaUSA_e6:e2:80","802.11","387","-27 dBm","6"
"6601","15.319837","Commscope_23:24:6c","VantivaUSA_e6:e2:80","802.11","387","-28 dBm","6"
"6610","15.328101","Commscope_23:24:6c","VantivaUSA_e6:e2:80","802.11","387","-28 dBm","6"
"6611","15.328106","Commscope_23:24:6c","VantivaUSA_e6:e2:80","802.11","387","-27 dBm","6"
"6618","15.351066","Commscope_23:24:6c","Broadcast","802.11","287","-27 dBm","6.5"
"6667","15.451737","Commscope_23:24:6c","Broadcast","802.11","287","-26 dBm","6.5"
"6703","15.554154","Commscope_23:24:6c","Broadcast","802.11","287","-30 dBm","6.5"
"6741","15.654773","Commscope_23:24:6c","Broadcast","802.11","287","-26 dBm","6.5"
"6791","15.757065","Commscope_23:24:6c","Broadcast","802.11","287","-27 dBm","6.5"
"6854","15.860718","Commscope_23:24:6c","Broadcast","802.11","287","-31 dBm","6.5"
"6883","15.963618","Commscope_23:24:6c","Broadcast","802.11","287","-30 dBm","6.5"
"6918","16.065574","Commscope_23:24:6c","Broadcast","802.11","287","-31 dBm","6.5"
"6928","16.086978","Commscope_23:24:6c","Intel_d9:ae:54","802.11","387","-30 dBm","6"
"6929","16.088176","Commscope_23:24:6c","Intel_d9:ae:54","802.11","387","-29 dBm","6"
"6932","16.090408","Commscope_23:24:6c","Intel_d9:ae:54","802.11","387","-30 dBm","6"
"6933","16.090411","Commscope_23:24:6c","Intel_d9:ae:54","802.11","387","-31 dBm","6"
"6979","16.166785","Commscope_23:24:6c","Intel_d9:ae:54","802.11","387","-29 dBm","6"
"6980","16.166787","Commscope_23:24:6c","Intel_d9:ae:54","802.11","387","-29 dBm","6"
"6983","16.168828","Commscope_23:24:6c","Broadcast","802.11","287","-29 dBm","6.5"
"6984","16.168831","Commscope_23:24:6c","Intel_d9:ae:54","802.11","387","-29 dBm","6"
"6985","16.168834","Commscope_23:24:6c","Intel_d9:ae:54","802.11","387","-29 dBm","6"
"7022","16.271719","Commscope_23:24:6c","Broadcast","802.11","287","0 dBm","6.5"
"7067","16.371052","Commscope_23:24:6c","Broadcast","802.11","287","-29 dBm","6.5"
"7112","16.476751","Commscope_23:24:6c","Broadcast","802.11","287","-28 dBm","6.5"
"7151","16.584079","Commscope_23:24:6c","Broadcast","802.11","287","-28 dBm","6.5"
"7189","16.681565","Commscope_23:24:6c","Broadcast","802.11","287","-28 dBm","6.5"
"7230","16.783013","Commscope_23:24:6c","Broadcast","802.11","287","-29 dBm","6.5"
"7233","16.789417","Commscope_23:24:6c","VantivaUSA_d0:97:64","802.11","387","-29 dBm","6"
"7234","16.789421","Commscope_23:24:6c","VantivaUSA_d0:97:64","802.11","387","-29 dBm","6"
"7235","16.789424","Commscope_23:24:6c","VantivaUSA_d0:97:64","802.11","387","-29 dBm","6"
"7244","16.813646","Commscope_23:24:6c","VantivaUSA_d0:97:64","802.11","387","-29 dBm","6"
"7263","16.844492","Commscope_23:24:6c","VantivaUSA_14:39:8a","802.11","387","-29 dBm","6"
"7264","16.844494","Commscope_23:24:6c","VantivaUSA_14:39:8a","802.11","387","-28 dBm","6"
"7265","16.846952","Commscope_23:24:6c","VantivaUSA_14:39:8a","802.11","387","-28 dBm","6"
"7266","16.846956","Commscope_23:24:6c","VantivaUSA_14:39:8a","802.11","387","-28 dBm","6"
"7284","16.884035","Commscope_23:24:6c","Broadcast","802.11","287","-30 dBm","6.5"
"7337","16.985859","Commscope_23:24:6c","Broadcast","802.11","287","-30 dBm","6.5"
"7388","17.089844","Commscope_23:24:6c","Broadcast","802.11","287","-30 dBm","6.5"
"7441","17.191146","Commscope_23:24:6c","Broadcast","802.11","287","-30 dBm","6.5"
"7496","17.294241","Commscope_23:24:6c","Broadcast","802.11","287","-30 dBm","6.5"
"7548","17.398579","Commscope_23:24:6c","Broadcast","802.11","287","-30 dBm","6.5"
"7601","17.497977","Commscope_23:24:6c","Broadcast","802.11","287","-29 dBm","6.5"
"7657","17.599399","Commscope_23:24:6c","Broadcast","802.11","287","-30 dBm","6.5"
"7701","17.705935","Commscope_23:24:6c","Broadcast","802.11","287","-30 dBm","6.5"
"7746","17.810198","Commscope_23:24:6c","Broadcast","802.11","287","-30 dBm","6.5"
"7779","17.908244","Commscope_23:24:6c","Broadcast","802.11","287","-30 dBm","6.5"
"7820","18.010198","Commscope_23:24:6c","Broadcast","802.11","287","-30 dBm","6.5"
"7850","18.114192","Commscope_23:24:6c","Broadcast","802.11","287","-30 dBm","6.5"
"7891","18.214685","Commscope_23:24:6c","Broadcast","802.11","287","-30 dBm","6.5"
"7927","18.317357","Commscope_23:24:6c","Broadcast","802.11","287","-30 dBm","6.5"
"7967","18.418518","Commscope_23:24:6c","Broadcast","802.11","287","-29 dBm","6.5"
"8003","18.523822","Commscope_23:24:6c","Broadcast","802.11","287","-29 dBm","6.5"
"8049","18.624069","Commscope_23:24:6c","Broadcast","802.11","287","-30 dBm","6.5"
"8096","18.728741","Commscope_23:24:6c","Broadcast","802.11","287","-30 dBm","6.5"
"8106","18.748438","Commscope_23:24:6c","Commscope_71:86:02","802.11","387","-30 dBm","6"
"8141","18.828522","Commscope_23:24:6c","Broadcast","802.11","287","-29 dBm","6.5"
"8206","18.933496","Commscope_23:24:6c","Broadcast","802.11","287","-30 dBm","6.5"
"8249","19.033706","Commscope_23:24:6c","Broadcast","802.11","287","-30 dBm","6.5"
"8294","19.139077","Commscope_23:24:6c","Broadcast","802.11","287","-30 dBm","6.5"
"8343","19.238779","Commscope_23:24:6c","Broadcast","802.11","287","-30 dBm","6.5"
"8397","19.340670","Commscope_23:24:6c","Broadcast","802.11","287","-29 dBm","6.5"
"8442","19.445458","Commscope_23:24:6c","Broadcast","802.11","287","-28 dBm","6.5"
"8501","19.545129","Commscope_23:24:6c","Broadcast","802.11","287","-27 dBm","6.5"
"8535","19.648184","Commscope_23:24:6c","Broadcast","802.11","287","-28 dBm","6.5"
"8588","19.753153","Commscope_23:24:6c","Broadcast","802.11","287","-25 dBm","6.5"
"8628","19.855078","Commscope_23:24:6c","Broadcast","802.11","287","-26 dBm","6.5"
"8655","19.956366","Commscope_23:24:6c","Broadcast","802.11","287","-26 dBm","6.5"
"8688","20.060075","Commscope_23:24:6c","Broadcast","802.11","287","-25 dBm","6.5"
"8700","20.102156","Commscope_23:24:6c","VantivaUSA_da:e6:14","802.11","387","-27 dBm","6"
"8701","20.102185","Commscope_23:24:6c","VantivaUSA_da:e6:14","802.11","387","-25 dBm","6"
"8730","20.163662","Commscope_23:24:6c","Broadcast","802.11","287","-25 dBm","6.5"
"8760","20.265148","Commscope_23:24:6c","Broadcast","802.11","287","-27 dBm","6.5"
"8794","20.368591","Commscope_23:24:6c","Broadcast","802.11","287","-28 dBm","6.5"
"8830","20.466517","Commscope_23:24:6c","Broadcast","802.11","287","-32 dBm","6.5"
"8871","20.571067","Commscope_23:24:6c","Broadcast","802.11","287","-28 dBm","6.5"
"8908","20.673371","Commscope_23:24:6c","Broadcast","802.11","287","-31 dBm","6.5"
"8918","20.705717","Commscope_23:24:6c","32:ee:9d:80:e6:7a","802.11","387","-34 dBm","6"
"8921","20.705799","Commscope_23:24:6c","32:ee:9d:80:e6:7a","802.11","387","-34 dBm","6"
"8922","20.707007","Commscope_23:24:6c","32:ee:9d:80:e6:7a","802.11","387","-33 dBm","6"
"8931","20.715645","Commscope_23:24:6c","32:ee:9d:80:e6:7a","802.11","387","-35 dBm","6"
"8932","20.716806","Commscope_23:24:6c","32:ee:9d:80:e6:7a","802.11","387","-33 dBm","6"
"8934","20.718225","Commscope_23:24:6c","32:ee:9d:80:e6:7a","802.11","387","-34 dBm","6"
"8935","20.718227","Commscope_23:24:6c","32:ee:9d:80:e6:7a","802.11","387","-34 dBm","6"
"8948","20.776675","Commscope_23:24:6c","Broadcast","802.11","287","-34 dBm","6.5"
"8986","20.879586","Commscope_23:24:6c","Broadcast","802.11","287","-32 dBm","6.5"
"9014","20.981536","Commscope_23:24:6c","Broadcast","802.11","287","-31 dBm","6.5"
"9053","21.084225","Commscope_23:24:6c","Broadcast","802.11","287","-30 dBm","6.5"
"9096","21.184497","Commscope_23:24:6c","Broadcast","802.11","287","-31 dBm","6.5"
"9133","21.286546","Commscope_23:24:6c","Broadcast","802.11","287","-31 dBm","6.5"
"9188","21.391087","Commscope_23:24:6c","Broadcast","802.11","287","-31 dBm","6.5"
"9229","21.490643","Commscope_23:24:6c","Broadcast","802.11","287","-32 dBm","6.5"
"9271","21.599012","Commscope_23:24:6c","Broadcast","802.11","287","-32 dBm","6.5"
"9299","21.698526","Commscope_23:24:6c","Broadcast","802.11","287","-32 dBm","6.5"
"9334","21.799078","Commscope_23:24:6c","Broadcast","802.11","287","-32 dBm","6.5"
"9369","21.903126","Commscope_23:24:6c","Broadcast","802.11","287","-32 dBm","6.5"
"9407","22.003100","Commscope_23:24:6c","Broadcast","802.11","287","-31 dBm","6.5"
"9438","22.106126","Commscope_23:24:6c","Broadcast","802.11","287","-31 dBm","6.5"
"9468","22.197536","Commscope_23:24:6c","VantivaUSA_c5:dd:3d","802.11","387","-31 dBm","6"
"9469","22.197542","Commscope_23:24:6c","VantivaUSA_c5:dd:3d","802.11","387","-30 dBm","6"
"9471","22.197550","Commscope_23:24:6c","VantivaUSA_c5:dd:3d","802.11","387","-31 dBm","6"
"9472","22.197553","Commscope_23:24:6c","VantivaUSA_c5:dd:3d","802.11","387","-31 dBm","6"
"9474","22.211732","Commscope_23:24:6c","Broadcast","802.11","287","-31 dBm","6.5"
"9521","22.313417","Commscope_23:24:6c","Broadcast","802.11","287","-31 dBm","6.5"
"9563","22.413304","Commscope_23:24:6c","Broadcast","802.11","287","-31 dBm","6.5"
"9608","22.516802","Commscope_23:24:6c","Broadcast","802.11","287","-30 dBm","6.5"
"9653","22.620293","Commscope_23:24:6c","Broadcast","802.11","287","-29 dBm","6.5"
"9686","22.720319","Commscope_23:24:6c","Broadcast","802.11","287","-29 dBm","6.5"
"9728","22.822989","Commscope_23:24:6c","Broadcast","802.11","287","-30 dBm","6.5"
"9762","22.927381","Commscope_23:24:6c","Broadcast","802.11","287","-30 dBm","6.5"
"9791","23.028959","Commscope_23:24:6c","Broadcast","802.11","287","-31 dBm","6.5"
"9820","23.131197","Commscope_23:24:6c","Broadcast","802.11","287","-27 dBm","6.5"
"9849","23.231787","Commscope_23:24:6c","Broadcast","802.11","287","-31 dBm","6.5"
"9914","23.336142","Commscope_23:24:6c","Broadcast","802.11","287","-30 dBm","6.5"
"9955","23.438643","Commscope_23:24:6c","Broadcast","802.11","287","-33 dBm","6.5"
"9987","23.540354","Commscope_23:24:6c","Broadcast","802.11","287","-30 dBm","6.5"
"10030","23.642445","Commscope_23:24:6c","Broadcast","802.11","287","-29 dBm","6.5"
"10054","23.746354","Commscope_23:24:6c","Broadcast","802.11","287","-29 dBm","6.5"
"10086","23.855047","Commscope_23:24:6c","Broadcast","802.11","287","-26 dBm","6.5"
"10108","23.952535","Commscope_23:24:6c","Broadcast","802.11","287","-29 dBm","6.5"
"10154","24.053765","Commscope_23:24:6c","Broadcast","802.11","287","-29 dBm","6.5"
"10190","24.156540","Commscope_23:24:6c","Broadcast","802.11","287","0 dBm","6.5"
"10238","24.258375","Commscope_23:24:6c","Broadcast","802.11","287","-28 dBm","6.5"
"10249","24.311807","Commscope_23:24:6c","NestLabs_90:13:f4","802.11","387","-28 dBm","6"
"10250","24.314281","Commscope_23:24:6c","NestLabs_90:13:f4","802.11","387","-28 dBm","6"
"10251","24.314625","Commscope_23:24:6c","NestLabs_90:13:f4","802.11","387","-29 dBm","6"
"10252","24.314631","Commscope_23:24:6c","NestLabs_90:13:f4","802.11","387","-29 dBm","6"
"10265","24.334575","Commscope_23:24:6c","NestLabs_90:13:f4","802.11","387","-29 dBm","6"
"10267","24.334585","Commscope_23:24:6c","NestLabs_90:13:f4","802.11","387","-29 dBm","6"
"10268","24.334588","Commscope_23:24:6c","NestLabs_90:13:f4","802.11","387","-29 dBm","6"
"10269","24.334592","Commscope_23:24:6c","NestLabs_90:13:f4","802.11","387","-29 dBm","6"
"10282","24.361758","Commscope_23:24:6c","Broadcast","802.11","287","-33 dBm","6.5"
"10287","24.399153","Commscope_23:24:6c","NestLabs_90:13:f4","802.11","387","-31 dBm","6"
"10288","24.399160","Commscope_23:24:6c","NestLabs_90:13:f4","802.11","387","-31 dBm","6"
"10289","24.399216","Commscope_23:24:6c","NestLabs_90:13:f4","802.11","387","-31 dBm","6"
"10347","24.573407","Commscope_23:24:6c","Broadcast","802.11","287","-28 dBm","6.5"
"10388","24.667989","Commscope_23:24:6c","Broadcast","802.11","287","-28 dBm","6.5"
"10423","24.770877","Commscope_23:24:6c","Broadcast","802.11","287","-27 dBm","6.5"
"10455","24.873113","Commscope_23:24:6c","Broadcast","802.11","287","-28 dBm","6.5"
"10497","24.975170","Commscope_23:24:6c","Broadcast","802.11","287","-28 dBm","6.5"
"10567","25.178893","Commscope_23:24:6c","Broadcast","802.11","287","-29 dBm","6.5"
"10618","25.242835","Commscope_23:24:6c","VantivaUSA_41:05:a8","802.11","387","-30 dBm","6"
"10619","25.242839","Commscope_23:24:6c","VantivaUSA_41:05:a8","802.11","387","-31 dBm","6"
"10620","25.242842","Commscope_23:24:6c","VantivaUSA_41:05:a8","802.11","387","-33 dBm","6"
"10621","25.244038","Commscope_23:24:6c","VantivaUSA_41:05:a8","802.11","387","-31 dBm","6"
"10659","25.320523","Commscope_23:24:6c","VantivaUSA_e6:e2:80","802.11","387","-33 dBm","6"
"10660","25.320525","Commscope_23:24:6c","VantivaUSA_e6:e2:80","802.11","387","-34 dBm","6"
"10661","25.320702","Commscope_23:24:6c","VantivaUSA_e6:e2:80","802.11","387","-34 dBm","6"
"10662","25.320705","Commscope_23:24:6c","VantivaUSA_e6:e2:80","802.11","387","-33 dBm","6"
"10673","25.330453","Commscope_23:24:6c","VantivaUSA_e6:e2:80","802.11","387","-35 dBm","6"
"10674","25.330456","Commscope_23:24:6c","VantivaUSA_e6:e2:80","802.11","387","-32 dBm","6"
"10675","25.330458","Commscope_23:24:6c","VantivaUSA_e6:e2:80","802.11","387","-33 dBm","6"
"10676","25.330981","Commscope_23:24:6c","VantivaUSA_e6:e2:80","802.11","387","-33 dBm","6"
"10702","25.381768","Commscope_23:24:6c","Broadcast","802.11","287","-34 dBm","6.5"
"10769","25.590148","Commscope_23:24:6c","Broadcast","802.11","287","-30 dBm","6.5"
"10802","25.691205","Commscope_23:24:6c","Broadcast","802.11","287","-31 dBm","6.5"
"10832","25.803065","Commscope_23:24:6c","Broadcast","802.11","287","-28 dBm","6.5"
"10873","25.897508","Commscope_23:24:6c","Broadcast","802.11","287","-26 dBm","6.5"
"10941","26.122567","Commscope_23:24:6c","Broadcast","802.11","287","-30 dBm","6.5"
"10953","26.147240","Commscope_23:24:6c","VantivaUSA_b8:2c:66","802.11","387","-30 dBm","6"
"10954","26.147241","Commscope_23:24:6c","VantivaUSA_b8:2c:66","802.11","387","-30 dBm","6"
"10955","26.147243","Commscope_23:24:6c","VantivaUSA_b8:2c:66","802.11","387","-31 dBm","6"
"10956","26.147245","Commscope_23:24:6c","VantivaUSA_b8:2c:66","802.11","387","-31 dBm","6"
"10989","26.201241","Commscope_23:24:6c","Broadcast","802.11","287","-31 dBm","6.5"
"11022","26.306466","Commscope_23:24:6c","Broadcast","802.11","287","-30 dBm","6.5"
"11055","26.408860","Commscope_23:24:6c","Broadcast","802.11","287","-30 dBm","6.5"
"11056","26.408863","Commscope_23:24:6c","VantivaUSA_47:c6:30","802.11","387","-30 dBm","6"
"11057","26.408866","Commscope_23:24:6c","VantivaUSA_47:c6:30","802.11","387","-30 dBm","6"
"11058","26.408996","Commscope_23:24:6c","VantivaUSA_47:c6:30","802.11","387","-30 dBm","6"
"11059","26.408999","Commscope_23:24:6c","VantivaUSA_47:c6:30","802.11","387","-30 dBm","6"
"11089","26.508294","Commscope_23:24:6c","Broadcast","802.11","287","-32 dBm","6.5"
"11127","26.611766","Commscope_23:24:6c","Broadcast","802.11","287","-32 dBm","6.5"
"11142","26.653733","Commscope_23:24:6c","Intel_6f:08:a1","802.11","387","-31 dBm","6"
"11143","26.653735","Commscope_23:24:6c","Intel_6f:08:a1","802.11","387","-32 dBm","6"
"11144","26.653737","Commscope_23:24:6c","Intel_6f:08:a1","802.11","387","-31 dBm","6"
"11145","26.654793","Commscope_23:24:6c","Intel_6f:08:a1","802.11","387","-31 dBm","6"
"11167","26.715995","Commscope_23:24:6c","Broadcast","802.11","287","-33 dBm","6.5"
"11188","26.772293","Commscope_23:24:6c","VantivaUSA_3f:b1:bd","802.11","387","-33 dBm","6"
"11189","26.772299","Commscope_23:24:6c","VantivaUSA_3f:b1:bd","802.11","387","-32 dBm","6"
"11190","26.772302","Commscope_23:24:6c","VantivaUSA_3f:b1:bd","802.11","387","-32 dBm","6"
"11191","26.773493","Commscope_23:24:6c","VantivaUSA_3f:b1:bd","802.11","387","-33 dBm","6"
"11208","26.817646","Commscope_23:24:6c","Broadcast","802.11","287","-32 dBm","6.5"
"11245","26.920225","Commscope_23:24:6c","Broadcast","802.11","287","-33 dBm","6.5"
"11286","27.023215","Commscope_23:24:6c","Broadcast","802.11","287","-33 dBm","6.5"
"11319","27.125708","Commscope_23:24:6c","Broadcast","802.11","287","-33 dBm","6.5"
"11365","27.226486","Commscope_23:24:6c","Broadcast","802.11","287","-34 dBm","6.5"
"11393","27.330518","Commscope_23:24:6c","Broadcast","802.11","287","-34 dBm","6.5"
"11435","27.430632","Commscope_23:24:6c","Broadcast","802.11","287","-35 dBm","6.5"
"11473","27.535233","Commscope_23:24:6c","Broadcast","802.11","287","-35 dBm","6.5"
"11504","27.639001","Commscope_23:24:6c","Broadcast","802.11","287","-33 dBm","6.5"
"11537","27.741594","Commscope_23:24:6c","Broadcast","802.11","287","-33 dBm","6.5"
"11586","27.842237","Commscope_23:24:6c","Broadcast","802.11","287","-30 dBm","6.5"
"11623","27.941132","Commscope_23:24:6c","Commscope_71:86:02","802.11","387","-30 dBm","6"
"11624","27.942390","Commscope_23:24:6c","Broadcast","802.11","287","-31 dBm","6.5"
"11625","27.942393","Commscope_23:24:6c","Commscope_71:86:02","802.11","387","-30 dBm","6"
"11626","27.943513","Commscope_23:24:6c","Commscope_71:86:02","802.11","387","-31 dBm","6"
"11627","27.944936","Commscope_23:24:6c","Commscope_71:86:02","802.11","387","-30 dBm","6"
"11671","28.046279","Commscope_23:24:6c","Broadcast","802.11","287","-30 dBm","6.5"
"11706","28.147176","Commscope_23:24:6c","Broadcast","802.11","287","-30 dBm","6.5"
"11734","28.250343","Commscope_23:24:6c","Broadcast","802.11","287","-31 dBm","6.5"
"11763","28.353804","Commscope_23:24:6c","Broadcast","802.11","287","-30 dBm","6.5"
"11805","28.456852","Commscope_23:24:6c","Broadcast","802.11","287","0 dBm","6.5"
"11838","28.558570","Commscope_23:24:6c","Broadcast","802.11","287","-30 dBm","6.5"
"11864","28.665154","Commscope_23:24:6c","Broadcast","802.11","287","-29 dBm","6.5"
"11896","28.764117","Commscope_23:24:6c","Broadcast","802.11","287","-29 dBm","6.5"
"11927","28.882670","Commscope_23:24:6c","Broadcast","802.11","287","-28 dBm","6.5"
"11968","28.970572","Commscope_23:24:6c","Broadcast","802.11","287","-27 dBm","6.5"
"12017","29.071253","Commscope_23:24:6c","Broadcast","802.11","287","-28 dBm","6.5"
"12050","29.172727","Commscope_23:24:6c","Broadcast","802.11","287","-29 dBm","6.5"
"12101","29.296599","Commscope_23:24:6c","NestLabs_90:13:f4","802.11","387","0 dBm","6"
"12102","29.296603","Commscope_23:24:6c","NestLabs_90:13:f4","802.11","387","0 dBm","6"
"12112","29.341335","Commscope_23:24:6c","NestLabs_90:13:f4","802.11","387","-29 dBm","6"
"12113","29.341342","Commscope_23:24:6c","NestLabs_90:13:f4","802.11","387","-28 dBm","6"
"12114","29.341345","Commscope_23:24:6c","NestLabs_90:13:f4","802.11","387","-28 dBm","6"
"12115","29.341347","Commscope_23:24:6c","NestLabs_90:13:f4","802.11","387","-29 dBm","6"
"12126","29.378474","Commscope_23:24:6c","Broadcast","802.11","287","-29 dBm","6.5"
"12134","29.394266","Commscope_23:24:6c","NestLabs_90:13:f4","802.11","387","-28 dBm","6"
"12135","29.394278","Commscope_23:24:6c","NestLabs_90:13:f4","802.11","387","-28 dBm","6"
"12137","29.394282","Commscope_23:24:6c","NestLabs_90:13:f4","802.11","387","-29 dBm","6"
"12138","29.394886","Commscope_23:24:6c","NestLabs_90:13:f4","802.11","387","-28 dBm","6"
"12153","29.480970","Commscope_23:24:6c","Broadcast","802.11","287","-28 dBm","6.5"
"12186","29.583268","Commscope_23:24:6c","Broadcast","802.11","287","-29 dBm","6.5"
"12272","29.785870","Commscope_23:24:6c","Broadcast","802.11","287","-30 dBm","6.5"
"12304","29.906973","Commscope_23:24:6c","Broadcast","802.11","287","-28 dBm","6.5"
"12328","29.990980","Commscope_23:24:6c","Broadcast","802.11","287","-29 dBm","6.5"
"12359","30.093807","Commscope_23:24:6c","Broadcast","802.11","287","-31 dBm","6.5"
"12401","30.198120","Commscope_23:24:6c","Broadcast","802.11","287","-32 dBm","6.5"
"12443","30.298298","Commscope_23:24:6c","Broadcast","802.11","287","-33 dBm","6.5"
"12506","30.502225","Commscope_23:24:6c","Broadcast","802.11","287","-29 dBm","6.5"
"12537","30.609025","Commscope_23:24:6c","Broadcast","802.11","287","-32 dBm","6.5"
"12567","30.709164","Commscope_23:24:6c","Broadcast","802.11","287","-31 dBm","6.5"
"12607","30.810247","Commscope_23:24:6c","Broadcast","802.11","287","-32 dBm","6.5"
"12643","30.912115","Commscope_23:24:6c","Broadcast","802.11","287","-35 dBm","6.5"
"12688","31.014597","Commscope_23:24:6c","Broadcast","802.11","287","-32 dBm","6.5"
"12724","31.116700","Commscope_23:24:6c","Broadcast","802.11","287","-30 dBm","6.5"
"12758","31.220892","Commscope_23:24:6c","Broadcast","802.11","287","-30 dBm","6.5"
"12822","31.424634","Commscope_23:24:6c","Broadcast","802.11","287","-30 dBm","6.5"
"12868","31.527034","Commscope_23:24:6c","Broadcast","802.11","287","-34 dBm","6.5"
"12903","31.635133","Commscope_23:24:6c","Broadcast","802.11","287","-31 dBm","6.5"
"12905","31.658503","Commscope_23:24:6c","VantivaUSA_c5:dd:3d","802.11","387","-29 dBm","6"
"12907","31.658510","Commscope_23:24:6c","VantivaUSA_c5:dd:3d","802.11","387","-30 dBm","6"
"12908","31.658513","Commscope_23:24:6c","VantivaUSA_c5:dd:3d","802.11","387","-29 dBm","6"
"12909","31.658516","Commscope_23:24:6c","VantivaUSA_c5:dd:3d","802.11","387","-31 dBm","6"
"12934","31.733746","Commscope_23:24:6c","Broadcast","802.11","287","-33 dBm","6.5"
"12955","31.838743","Commscope_23:24:6c","Broadcast","802.11","287","-32 dBm","6.5"
"12983","31.937885","Commscope_23:24:6c","Broadcast","802.11","287","-32 dBm","6.5"
"13034","32.041723","Commscope_23:24:6c","Broadcast","802.11","287","-34 dBm","6.5"
"13067","32.140239","Commscope_23:24:6c","Broadcast","802.11","287","-33 dBm","6.5"
"13110","32.245287","Commscope_23:24:6c","Broadcast","802.11","287","-33 dBm","6.5"
"13147","32.347572","Commscope_23:24:6c","Broadcast","802.11","287","-30 dBm","6.5"
"13186","32.449601","Commscope_23:24:6c","Broadcast","802.11","287","-31 dBm","6.5"
"13233","32.551327","Commscope_23:24:6c","Broadcast","802.11","287","-31 dBm","6.5"
"13268","32.654609","Commscope_23:24:6c","Broadcast","802.11","287","-30 dBm","6.5"
"13309","32.757745","Commscope_23:24:6c","Broadcast","802.11","287","-32 dBm","6.5"
"13342","32.866854","Commscope_23:24:6c","Broadcast","802.11","287","-32 dBm","6.5"
"13364","32.964261","Commscope_23:24:6c","Broadcast","802.11","287","-31 dBm","6.5"
"13400","33.062094","Commscope_23:24:6c","Broadcast","802.11","287","-33 dBm","6.5"
"13435","33.168018","Commscope_23:24:6c","Broadcast","802.11","287","-34 dBm","6.5"
"13516","33.372137","Commscope_23:24:6c","Broadcast","802.11","287","-35 dBm","6.5"
"13557","33.471491","Commscope_23:24:6c","Broadcast","802.11","287","-35 dBm","6.5"
"13598","33.582718","Commscope_23:24:6c","Broadcast","802.11","287","-33 dBm","6.5"
"13629","33.676886","Commscope_23:24:6c","Broadcast","802.11","287","-34 dBm","6.5"
"13666","33.779623","Commscope_23:24:6c","Broadcast","802.11","287","-32 dBm","6.5"
"13710","33.886103","Commscope_23:24:6c","Broadcast","802.11","287","-32 dBm","6.5"
"13751","33.984182","Commscope_23:24:6c","Broadcast","802.11","287","-31 dBm","6.5"
"14117","35.113206","Commscope_23:24:6c","Broadcast","802.11","287","-34 dBm","6.5"
"14150","35.216001","Commscope_23:24:6c","Broadcast","802.11","287","-34 dBm","6.5"
"14199","35.316410","Commscope_23:24:6c","Broadcast","802.11","287","-33 dBm","6.5"
"14211","35.327092","Commscope_23:24:6c","VantivaUSA_e6:e2:80","802.11","387","-31 dBm","6"
"14214","35.333697","Commscope_23:24:6c","VantivaUSA_e6:e2:80","802.11","387","-32 dBm","6"
"14217","35.333705","Commscope_23:24:6c","VantivaUSA_e6:e2:80","802.11","387","-31 dBm","6"
"14219","35.333711","Commscope_23:24:6c","VantivaUSA_e6:e2:80","802.11","387","-33 dBm","6"
"14255","35.420182","Commscope_23:24:6c","Broadcast","802.11","287","-32 dBm","6.5"
"14283","35.520858","Commscope_23:24:6c","Broadcast","802.11","287","-32 dBm","6.5"
"14308","35.622463","Commscope_23:24:6c","Broadcast","802.11","287","-30 dBm","6.5"
"14376","35.831528","Commscope_23:24:6c","Broadcast","802.11","287","-33 dBm","6.5"
"14413","35.969893","Commscope_23:24:6c","VantivaUSA_3c:54:73","802.11","387","-32 dBm","6"
"14417","35.976576","Commscope_23:24:6c","VantivaUSA_3c:54:73","802.11","387","-33 dBm","6"
"14418","35.976580","Commscope_23:24:6c","VantivaUSA_3c:54:73","802.11","387","-32 dBm","6"
"14419","35.978899","Commscope_23:24:6c","VantivaUSA_3c:54:73","802.11","387","-33 dBm","6"
"14441","36.043984","Commscope_23:24:6c","Broadcast","802.11","287","-33 dBm","6.5"
"14495","36.239891","Commscope_23:24:6c","Broadcast","802.11","287","-33 dBm","6.5"
"14538","36.339526","Commscope_23:24:6c","Broadcast","802.11","287","-32 dBm","6.5"
"14574","36.443249","Commscope_23:24:6c","Broadcast","802.11","287","0 dBm","6.5"
"14604","36.554090","Commscope_23:24:6c","Broadcast","802.11","287","-34 dBm","6.5"
"14661","36.750175","Commscope_23:24:6c","VantivaUSA_21:c1:b7","802.11","387","-31 dBm","6"
"14662","36.750179","Commscope_23:24:6c","VantivaUSA_21:c1:b7","802.11","387","-31 dBm","6"
"14663","36.750453","Commscope_23:24:6c","Broadcast","802.11","287","-31 dBm","6.5"
"14664","36.750457","Commscope_23:24:6c","VantivaUSA_21:c1:b7","802.11","387","-31 dBm","6"
"14665","36.750461","Commscope_23:24:6c","VantivaUSA_21:c1:b7","802.11","387","-31 dBm","6"
"14717","36.856825","Commscope_23:24:6c","Broadcast","802.11","287","-32 dBm","6.5"
"14755","36.953333","Commscope_23:24:6c","Broadcast","802.11","287","-33 dBm","6.5"
"14786","37.043835","Intel_4a:2b:ad","Broadcast","802.11","178","-63 dBm","6"
"14788","37.043852","Commscope_23:24:6c","Intel_4a:2b:ad","802.11","387","-34 dBm","6"
"14796","37.058820","Commscope_23:24:6c","Broadcast","802.11","287","-32 dBm","6.5"
"14797","37.058822","Intel_4a:2b:ad","Broadcast","802.11","178","-64 dBm","5.5"
"14800","37.059132","Commscope_23:24:6c","Intel_4a:2b:ad","802.11","387","0 dBm","6"
"14805","37.079711","Commscope_23:24:6c","fa:1d:36:f1:f6:e3","802.11","387","-32 dBm","6"
"14808","37.079721","Commscope_23:24:6c","fa:1d:36:f1:f6:e3","802.11","387","-32 dBm","6"
"14817","37.101222","Commscope_23:24:6c","fa:1d:36:f1:f6:e3","802.11","387","-32 dBm","6"
"14836","37.166305","Commscope_23:24:6c","Broadcast","802.11","287","-31 dBm","6.5"
"14881","37.261926","Commscope_23:24:6c","Broadcast","802.11","287","-32 dBm","6.5"
"14885","37.272669","Commscope_23:24:6c","VantivaConne_b7:78:00","802.11","387","-31 dBm","6"
"14886","37.272675","Commscope_23:24:6c","VantivaConne_b7:78:00","802.11","387","-31 dBm","6"
"14925","37.363868","Commscope_23:24:6c","Broadcast","802.11","287","-34 dBm","6.5"
"14960","37.466391","Commscope_23:24:6c","Broadcast","802.11","287","-32 dBm","6.5"
"15021","37.673496","Commscope_23:24:6c","Broadcast","802.11","287","-34 dBm","6.5"
"15057","37.774764","Commscope_23:24:6c","Broadcast","802.11","287","-34 dBm","6.5"
"15092","37.878371","Commscope_23:24:6c","Broadcast","802.11","287","-32 dBm","6.5"
"15123","37.978515","Commscope_23:24:6c","Broadcast","802.11","287","-33 dBm","6.5"
"15158","38.081789","Commscope_23:24:6c","Broadcast","802.11","287","-34 dBm","6.5"
"15200","38.185041","Commscope_23:24:6c","Broadcast","802.11","287","-32 dBm","6.5"
"15235","38.285655","Commscope_23:24:6c","Broadcast","802.11","287","-33 dBm","6.5"
"15276","38.388221","Commscope_23:24:6c","Broadcast","802.11","287","-35 dBm","6.5"
"15311","38.490201","Commscope_23:24:6c","Broadcast","802.11","287","-33 dBm","6.5"
"15348","38.593749","Commscope_23:24:6c","Broadcast","802.11","287","-33 dBm","6.5"
"15378","38.694550","Commscope_23:24:6c","Broadcast","802.11","287","-35 dBm","6.5"
"15406","38.790861","Commscope_23:24:6c","Commscope_71:86:02","802.11","387","-33 dBm","6"
"15407","38.790865","Commscope_23:24:6c","Commscope_71:86:02","802.11","387","-32 dBm","6"
"15408","38.790869","Commscope_23:24:6c","Commscope_71:86:02","802.11","387","-35 dBm","6"
"15409","38.790955","Commscope_23:24:6c","Commscope_71:86:02","802.11","387","-33 dBm","6"
"15417","38.796665","Commscope_23:24:6c","Broadcast","802.11","287","-33 dBm","6.5"
"15469","38.903065","Commscope_23:24:6c","Broadcast","802.11","287","-33 dBm","6.5"
"15505","39.008231","Commscope_23:24:6c","Broadcast","802.11","287","-33 dBm","6.5"
"15537","39.106706","Commscope_23:24:6c","Broadcast","802.11","287","-33 dBm","6.5"
"15608","39.206158","Commscope_23:24:6c","Broadcast","802.11","287","-33 dBm","6.5"
"15625","39.258505","Commscope_23:24:6c","NestLabs_90:13:f4","802.11","387","-35 dBm","6"
"15626","39.258510","Commscope_23:24:6c","NestLabs_90:13:f4","802.11","387","-35 dBm","6"
"15627","39.260042","Commscope_23:24:6c","NestLabs_90:13:f4","802.11","387","-35 dBm","6"
"15628","39.260046","Commscope_23:24:6c","NestLabs_90:13:f4","802.11","387","-33 dBm","6"
"15647","39.297023","Commscope_23:24:6c","NestLabs_90:13:f4","802.11","387","-33 dBm","6"
"15648","39.299689","Commscope_23:24:6c","NestLabs_90:13:f4","802.11","387","-35 dBm","6"
"15649","39.299695","Commscope_23:24:6c","NestLabs_90:13:f4","802.11","387","-35 dBm","6"
"15650","39.299698","Commscope_23:24:6c","NestLabs_90:13:f4","802.11","387","-32 dBm","6"
"15654","39.311939","Commscope_23:24:6c","Broadcast","802.11","287","-33 dBm","6.5"
"15657","39.319246","Commscope_23:24:6c","NestLabs_90:13:f4","802.11","387","-35 dBm","6"
"15658","39.319250","Commscope_23:24:6c","NestLabs_90:13:f4","802.11","387","-32 dBm","6"
"15659","39.320403","Commscope_23:24:6c","NestLabs_90:13:f4","802.11","387","-33 dBm","6"
"15660","39.320407","Commscope_23:24:6c","NestLabs_90:13:f4","802.11","387","-35 dBm","6"
"15682","39.413964","Commscope_23:24:6c","Broadcast","802.11","287","-33 dBm","6.5"
"15684","39.426168","Commscope_23:24:6c","NestLabs_90:13:f4","802.11","387","-33 dBm","6"
"15685","39.426172","Commscope_23:24:6c","NestLabs_90:13:f4","802.11","387","-33 dBm","6"
"15686","39.426176","Commscope_23:24:6c","NestLabs_90:13:f4","802.11","387","-33 dBm","6"
"15687","39.426179","Commscope_23:24:6c","NestLabs_90:13:f4","802.11","387","-33 dBm","6"
"15725","39.518196","Commscope_23:24:6c","Broadcast","802.11","287","-34 dBm","6.5"
"15760","39.617361","Commscope_23:24:6c","Broadcast","802.11","287","-34 dBm","6.5"
"15801","39.719834","Commscope_23:24:6c","Broadcast","802.11","287","-34 dBm","6.5"
"15824","39.822771","Commscope_23:24:6c","Broadcast","802.11","287","-34 dBm","6.5"
"15851","39.925804","Commscope_23:24:6c","Broadcast","802.11","287","-36 dBm","6.5"
"15912","40.026043","Commscope_23:24:6c","Broadcast","802.11","287","-34 dBm","6.5"
"15970","40.111894","Commscope_23:24:6c","VantivaUSA_da:e6:14","802.11","387","-34 dBm","6"
"15971","40.111899","Commscope_23:24:6c","VantivaUSA_da:e6:14","802.11","387","-34 dBm","6"
"15972","40.113267","Commscope_23:24:6c","VantivaUSA_da:e6:14","802.11","387","-33 dBm","6"
"15973","40.113270","Commscope_23:24:6c","VantivaUSA_da:e6:14","802.11","387","-32 dBm","6"
"15993","40.128110","Commscope_23:24:6c","Broadcast","802.11","287","-32 dBm","6.5"
"16036","40.231349","Commscope_23:24:6c","Broadcast","802.11","287","-32 dBm","6.5"
"16076","40.333582","Commscope_23:24:6c","Broadcast","802.11","287","-32 dBm","6.5"
"16128","40.441260","Commscope_23:24:6c","Broadcast","802.11","287","-37 dBm","6.5"
"16216","40.644284","Commscope_23:24:6c","Broadcast","802.11","287","-33 dBm","6.5"
"16253","40.746620","Commscope_23:24:6c","Broadcast","802.11","287","-33 dBm","6.5"
"16321","40.946987","Commscope_23:24:6c","Broadcast","802.11","287","-34 dBm","6.5"
"16362","41.050508","Commscope_23:24:6c","Broadcast","802.11","287","-31 dBm","6.5"
"16415","41.155562","Commscope_23:24:6c","Broadcast","802.11","287","-32 dBm","6.5"
"16465","41.255286","Commscope_23:24:6c","Broadcast","802.11","287","-30 dBm","6.5"
"16500","41.359617","Commscope_23:24:6c","Broadcast","802.11","287","-31 dBm","6.5"
"16536","41.460222","Commscope_23:24:6c","Broadcast","802.11","287","-31 dBm","6.5"
"16577","41.562209","Commscope_23:24:6c","Broadcast","802.11","287","-28 dBm","6.5"
"16676","41.767324","Commscope_23:24:6c","Broadcast","802.11","287","-31 dBm","6.5"
"16710","41.871677","Commscope_23:24:6c","Broadcast","802.11","287","-30 dBm","6.5"
"16755","41.973904","Commscope_23:24:6c","Broadcast","802.11","287","-28 dBm","6.5"
"16816","42.074387","Commscope_23:24:6c","Broadcast","802.11","287","-28 dBm","6.5"
"16848","42.160352","Commscope_23:24:6c","VantivaUSA_c5:dd:3d","802.11","387","-27 dBm","6"
"16849","42.160354","Commscope_23:24:6c","VantivaUSA_c5:dd:3d","802.11","387","-30 dBm","6"
"16850","42.160357","Commscope_23:24:6c","VantivaUSA_c5:dd:3d","802.11","387","-27 dBm","6"
"16851","42.161106","Commscope_23:24:6c","VantivaUSA_c5:dd:3d","802.11","387","-27 dBm","6"
"16856","42.185509","Commscope_23:24:6c","Broadcast","802.11","287","-28 dBm","6.5"
"16892","42.279531","Commscope_23:24:6c","Broadcast","802.11","287","-28 dBm","6.5"
"16926","42.380635","Commscope_23:24:6c","Broadcast","802.11","287","-27 dBm","6.5"
"16974","42.487397","Commscope_23:24:6c","Broadcast","802.11","287","-28 dBm","6.5"
"17015","42.588061","Commscope_23:24:6c","Broadcast","802.11","287","-30 dBm","6.5"
"17046","42.688266","Commscope_23:24:6c","Broadcast","802.11","287","-32 dBm","6.5"
"17086","42.793735","Commscope_23:24:6c","Broadcast","802.11","287","-31 dBm","6.5"
"17122","42.893476","Commscope_23:24:6c","Broadcast","802.11","287","-30 dBm","6.5"
"17176","42.995226","Commscope_23:24:6c","Broadcast","802.11","287","-30 dBm","6.5"
"17218","43.101673","Commscope_23:24:6c","Broadcast","802.11","287","-30 dBm","6.5"
"17260","43.199902","Commscope_23:24:6c","Broadcast","802.11","287","-30 dBm","6.5"
"17304","43.306695","Commscope_23:24:6c","Broadcast","802.11","287","-30 dBm","6.5"
"17345","43.405167","Commscope_23:24:6c","Broadcast","802.11","287","-32 dBm","6.5"
"17390","43.507492","Commscope_23:24:6c","Broadcast","802.11","287","-30 dBm","6.5"
"17430","43.613035","Commscope_23:24:6c","Broadcast","802.11","287","-31 dBm","6.5"
"17467","43.712106","Commscope_23:24:6c","Broadcast","802.11","287","-30 dBm","6.5"
"17506","43.815295","Commscope_23:24:6c","Broadcast","802.11","287","-30 dBm","6.5"
"17520","43.918754","Commscope_23:24:6c","Broadcast","802.11","287","-32 dBm","6.5"
"17552","44.020158","Commscope_23:24:6c","Broadcast","802.11","287","-31 dBm","6.5"
"17595","44.123556","Commscope_23:24:6c","Broadcast","802.11","287","-33 dBm","6.5"
"17631","44.225042","Commscope_23:24:6c","Broadcast","802.11","287","-30 dBm","6.5"
"17657","44.281804","Commscope_23:24:6c","NestLabs_90:13:f4","802.11","387","-31 dBm","6"
"17658","44.282469","Commscope_23:24:6c","NestLabs_90:13:f4","802.11","387","-31 dBm","6"
"17659","44.284802","Commscope_23:24:6c","NestLabs_90:13:f4","802.11","387","-33 dBm","6"
"17660","44.284808","Commscope_23:24:6c","NestLabs_90:13:f4","802.11","387","-30 dBm","6"
"17676","44.328751","Commscope_23:24:6c","Broadcast","802.11","287","-31 dBm","6.5"
"17677","44.328756","Commscope_23:24:6c","NestLabs_90:13:f4","802.11","387","-31 dBm","6"
"17678","44.328759","Commscope_23:24:6c","NestLabs_90:13:f4","802.11","387","-31 dBm","6"
"17683","44.332405","Commscope_23:24:6c","NestLabs_90:13:f4","802.11","387","-31 dBm","6"
"17684","44.332407","Commscope_23:24:6c","NestLabs_90:13:f4","802.11","387","-31 dBm","6"
"17689","44.352862","Commscope_23:24:6c","NestLabs_90:13:f4","802.11","387","-31 dBm","6"
"17691","44.359088","Commscope_23:24:6c","NestLabs_90:13:f4","802.11","387","-31 dBm","6"
"17692","44.359091","Commscope_23:24:6c","NestLabs_90:13:f4","802.11","387","-31 dBm","6"
"17693","44.359094","Commscope_23:24:6c","NestLabs_90:13:f4","802.11","387","-30 dBm","6"
"17711","44.391642","Commscope_23:24:6c","NestLabs_90:13:f4","802.11","387","-31 dBm","6"
"17722","44.429241","Commscope_23:24:6c","Broadcast","802.11","287","-31 dBm","6.5"
"17738","44.448635","Commscope_23:24:6c","VantivaUSA_da:dd:a1","802.11","387","-30 dBm","6"
"17739","44.448639","Commscope_23:24:6c","VantivaUSA_da:dd:a1","802.11","387","-30 dBm","6"
"17740","44.451288","Commscope_23:24:6c","VantivaUSA_da:dd:a1","802.11","387","-31 dBm","6"
"17741","44.451292","Commscope_23:24:6c","VantivaUSA_da:dd:a1","802.11","387","-31 dBm","6"
"17789","44.531513","Commscope_23:24:6c","Broadcast","802.11","287","-31 dBm","6.5"
"17832","44.633787","Commscope_23:24:6c","Broadcast","802.11","287","-33 dBm","6.5"
"17867","44.736971","Commscope_23:24:6c","Broadcast","802.11","287","-33 dBm","6.5"
"17908","44.847369","Commscope_23:24:6c","Broadcast","802.11","287","-34 dBm","6.5"
"17942","44.944286","Commscope_23:24:6c","Broadcast","802.11","287","-34 dBm","6.5"
"17983","45.044697","Commscope_23:24:6c","Broadcast","802.11","287","-34 dBm","6.5"
"18017","45.145619","Commscope_23:24:6c","Broadcast","802.11","287","-33 dBm","6.5"
"18059","45.248206","Commscope_23:24:6c","Broadcast","802.11","287","-34 dBm","6.5"
"18114","45.309712","Commscope_23:24:6c","VantivaUSA_e6:e2:80","802.11","387","-33 dBm","6"
"18115","45.311164","Commscope_23:24:6c","VantivaUSA_e6:e2:80","802.11","387","-33 dBm","6"
"18117","45.311173","Commscope_23:24:6c","VantivaUSA_e6:e2:80","802.11","387","-33 dBm","6"
"18118","45.312639","Commscope_23:24:6c","VantivaUSA_e6:e2:80","802.11","387","-32 dBm","6"
"18126","45.321360","Commscope_23:24:6c","VantivaUSA_e6:e2:80","802.11","387","-31 dBm","6"
"18127","45.321476","Commscope_23:24:6c","VantivaUSA_e6:e2:80","802.11","387","-32 dBm","6"
"18128","45.321480","Commscope_23:24:6c","VantivaUSA_e6:e2:80","802.11","387","-32 dBm","6"
"18129","45.321482","Commscope_23:24:6c","VantivaUSA_e6:e2:80","802.11","387","-32 dBm","6"
"18147","45.353151","Commscope_23:24:6c","Broadcast","802.11","287","-30 dBm","6.5"
"18205","45.454137","Commscope_23:24:6c","Broadcast","802.11","287","-28 dBm","6.5"
"18240","45.557291","Commscope_23:24:6c","Broadcast","802.11","287","-32 dBm","6.5"
"18278","45.659062","Commscope_23:24:6c","Broadcast","802.11","287","-31 dBm","6.5"
"18336","45.763410","Commscope_23:24:6c","Broadcast","802.11","287","-30 dBm","6.5"
"18376","45.866375","Commscope_23:24:6c","Broadcast","802.11","287","-34 dBm","6.5"
"18426","45.965699","Commscope_23:24:6c","Broadcast","802.11","287","-34 dBm","6.5"
"18469","46.062009","Commscope_23:24:6c","VantivaUSA_80:25:f0","802.11","387","-36 dBm","6"
"18470","46.062013","Commscope_23:24:6c","VantivaUSA_80:25:f0","802.11","387","-35 dBm","6"
"18473","46.069383","Commscope_23:24:6c","Broadcast","802.11","287","-38 dBm","6.5"
"18516","46.142814","Commscope_23:24:6c","VantivaUSA_b8:2c:66","802.11","387","-35 dBm","6"
"18518","46.142822","Commscope_23:24:6c","VantivaUSA_b8:2c:66","802.11","387","-34 dBm","6"
"18519","46.142826","Commscope_23:24:6c","VantivaUSA_b8:2c:66","802.11","387","-37 dBm","6"
"18520","46.142830","Commscope_23:24:6c","VantivaUSA_b8:2c:66","802.11","387","-37 dBm","6"
"18539","46.172419","Commscope_23:24:6c","Broadcast","802.11","287","-35 dBm","6.5"
"18574","46.273086","Commscope_23:24:6c","Broadcast","802.11","287","-31 dBm","6.5"
"18615","46.375631","Commscope_23:24:6c","Broadcast","802.11","287","-33 dBm","6.5"
"18661","46.477653","Commscope_23:24:6c","Broadcast","802.11","287","-31 dBm","6.5"
"18699","46.582826","Commscope_23:24:6c","Broadcast","802.11","287","-31 dBm","6.5"
"18704","46.611239","Commscope_23:24:6c","VantivaUSA_bb:04:d1","802.11","387","-33 dBm","6"
"18705","46.611351","Commscope_23:24:6c","VantivaUSA_bb:04:d1","802.11","387","-35 dBm","6"
"18739","46.685169","Commscope_23:24:6c","Broadcast","802.11","287","-35 dBm","6.5"
"18774","46.749721","Commscope_23:24:6c","VantivaUSA_3f:b1:bd","802.11","387","-35 dBm","6"
"18775","46.750908","Commscope_23:24:6c","VantivaUSA_3f:b1:bd","802.11","387","-35 dBm","6"
"18776","46.750912","Commscope_23:24:6c","VantivaUSA_3f:b1:bd","802.11","387","-35 dBm","6"
"18777","46.752084","Commscope_23:24:6c","VantivaUSA_3f:b1:bd","802.11","387","-35 dBm","6"
"18793","46.787183","Commscope_23:24:6c","VantivaUSA_3f:b1:bd","802.11","387","-35 dBm","6"
"18794","46.787190","Commscope_23:24:6c","VantivaUSA_3f:b1:bd","802.11","387","-37 dBm","6"
"18795","46.787192","Commscope_23:24:6c","Broadcast","802.11","287","-35 dBm","6.5"
"18798","46.796360","Commscope_23:24:6c","VantivaUSA_f2:df:8c","802.11","387","-37 dBm","6"
"18808","46.813019","Commscope_23:24:6c","VantivaUSA_f2:df:8c","802.11","387","-34 dBm","6"
"18809","46.813026","Commscope_23:24:6c","VantivaUSA_f2:df:8c","802.11","387","-34 dBm","6"
"18841","46.887403","Commscope_23:24:6c","Broadcast","802.11","287","-32 dBm","6.5"
"18884","46.989308","Commscope_23:24:6c","Broadcast","802.11","287","-35 dBm","6.5"
"18946","47.091840","Commscope_23:24:6c","Broadcast","802.11","287","-36 dBm","6.5"
"18990","47.196493","Commscope_23:24:6c","Broadcast","802.11","287","-35 dBm","6.5"
"19003","47.217456","Commscope_23:24:6c","VantivaUSA_eb:46:50","802.11","387","0 dBm","6"
"19045","47.298205","Commscope_23:24:6c","Broadcast","802.11","287","-36 dBm","6.5"
"19087","47.400670","Commscope_23:24:6c","Broadcast","802.11","287","-36 dBm","6.5"
"19141","47.501849","Commscope_23:24:6c","Broadcast","802.11","287","-37 dBm","6.5"
"19188","47.607567","Commscope_23:24:6c","Broadcast","802.11","287","-37 dBm","6.5"
"19230","47.706613","Commscope_23:24:6c","Broadcast","802.11","287","-37 dBm","6.5"
"19271","47.810944","Commscope_23:24:6c","Broadcast","802.11","287","-38 dBm","6.5"
"19309","47.911789","Commscope_23:24:6c","Broadcast","802.11","287","-37 dBm","6.5"
"19372","48.013141","Commscope_23:24:6c","Broadcast","802.11","287","-37 dBm","6.5"
"19419","48.116990","Commscope_23:24:6c","Broadcast","802.11","287","-37 dBm","6.5"
"19473","48.217530","Commscope_23:24:6c","Broadcast","802.11","287","-37 dBm","6.5"
"19518","48.321133","Commscope_23:24:6c","Broadcast","802.11","287","-37 dBm","6.5"
"19568","48.423203","Commscope_23:24:6c","Broadcast","802.11","287","-38 dBm","6.5"
"19613","48.527720","Commscope_23:24:6c","Broadcast","802.11","287","-36 dBm","6.5"
"19645","48.608204","Commscope_23:24:6c","e2:d5:34:6b:5f:f4","802.11","387","-37 dBm","6"
"19654","48.633453","Commscope_23:24:6c","Broadcast","802.11","287","-36 dBm","6.5"
"19678","48.682452","Commscope_23:24:6c","56:5f:d1:2d:92:5c","802.11","387","-37 dBm","6"
"19679","48.683635","Commscope_23:24:6c","56:5f:d1:2d:92:5c","802.11","387","-37 dBm","6"
"19680","48.683639","Commscope_23:24:6c","56:5f:d1:2d:92:5c","802.11","387","-36 dBm","6"
"19681","48.685151","Commscope_23:24:6c","56:5f:d1:2d:92:5c","802.11","387","-36 dBm","6"
"19702","48.730672","Commscope_23:24:6c","Broadcast","802.11","287","-37 dBm","6.5"
"19746","48.833164","Commscope_23:24:6c","Broadcast","802.11","287","-37 dBm","6.5"
"19798","48.934634","Commscope_23:24:6c","Broadcast","802.11","287","-39 dBm","6.5"
"19855","49.038081","Commscope_23:24:6c","Broadcast","802.11","287","-38 dBm","6.5"
"19899","49.141157","Commscope_23:24:6c","Broadcast","802.11","287","-39 dBm","6.5"
"19946","49.241747","Commscope_23:24:6c","Broadcast","802.11","287","-37 dBm","6.5"
"19989","49.347383","Commscope_23:24:6c","Broadcast","802.11","287","-39 dBm","6.5"
"20040","49.448564","Commscope_23:24:6c","Broadcast","802.11","287","-38 dBm","6.5"
"20090","49.549159","Commscope_23:24:6c","Broadcast","802.11","287","-36 dBm","6.5"
"20123","49.654069","Commscope_23:24:6c","Broadcast","802.11","287","-37 dBm","6.5"
"20178","49.754074","Commscope_23:24:6c","Broadcast","802.11","287","-38 dBm","6.5"
"20211","49.859088","Commscope_23:24:6c","Broadcast","802.11","287","-36 dBm","6.5"
"20255","49.963731","Commscope_23:24:6c","Broadcast","802.11","287","-37 dBm","6.5"
"20339","50.062177","Commscope_23:24:6c","Broadcast","802.11","287","-37 dBm","6.5"
"20356","50.093016","Commscope_23:24:6c","VantivaUSA_da:e6:14","802.11","387","-37 dBm","6"
"20357","50.093019","Commscope_23:24:6c","VantivaUSA_da:e6:14","802.11","387","-37 dBm","6"
"20358","50.093024","Commscope_23:24:6c","VantivaUSA_da:e6:14","802.11","387","-37 dBm","6"
"20359","50.094580","Commscope_23:24:6c","VantivaUSA_da:e6:14","802.11","387","-37 dBm","6"
"20367","50.102324","Commscope_23:24:6c","VantivaUSA_da:e6:14","802.11","387","-36 dBm","6"
"20368","50.102328","Commscope_23:24:6c","VantivaUSA_da:e6:14","802.11","387","-38 dBm","6"
"20369","50.102330","Commscope_23:24:6c","VantivaUSA_da:e6:14","802.11","387","-36 dBm","6"
"20370","50.103477","Commscope_23:24:6c","VantivaUSA_da:e6:14","802.11","387","-37 dBm","6"
"20394","50.164355","Commscope_23:24:6c","Broadcast","802.11","287","-36 dBm","6.5"
"20431","50.266033","Commscope_23:24:6c","Broadcast","802.11","287","-37 dBm","6.5"
"20471","50.367962","Commscope_23:24:6c","Broadcast","802.11","287","-34 dBm","6.5"
"20520","50.473346","Commscope_23:24:6c","Broadcast","802.11","287","-31 dBm","6.5"
"20567","50.573164","Commscope_23:24:6c","Broadcast","802.11","287","-33 dBm","6.5"
"20611","50.675307","Commscope_23:24:6c","Broadcast","802.11","287","-31 dBm","6.5"
"20650","50.779760","Commscope_23:24:6c","Broadcast","802.11","287","-38 dBm","6.5"
"20686","50.890466","Commscope_23:24:6c","Broadcast","802.11","287","-34 dBm","6.5"
"20723","50.982549","Commscope_23:24:6c","Broadcast","802.11","287","-35 dBm","6.5"
"20778","51.085994","Commscope_23:24:6c","Broadcast","802.11","287","-37 dBm","6.5"
"20820","51.192585","Commscope_23:24:6c","Broadcast","802.11","287","-33 dBm","6.5"
"20863","51.291403","Commscope_23:24:6c","Broadcast","802.11","287","-33 dBm","6.5"
"20902","51.393273","Commscope_23:24:6c","Broadcast","802.11","287","-31 dBm","6.5"
"20944","51.498225","Commscope_23:24:6c","Broadcast","802.11","287","-30 dBm","6.5"
"20972","51.559725","Commscope_23:24:6c","VantivaUSA_c5:dd:3d","802.11","387","-30 dBm","6"
"20973","51.559729","Commscope_23:24:6c","VantivaUSA_c5:dd:3d","802.11","387","-29 dBm","6"
"20975","51.562756","Commscope_23:24:6c","VantivaUSA_c5:dd:3d","802.11","387","-32 dBm","6"
"20976","51.562761","Commscope_23:24:6c","VantivaUSA_c5:dd:3d","802.11","387","-32 dBm","6"
"20982","51.599768","Commscope_23:24:6c","Broadcast","802.11","287","-29 dBm","6.5"
"21024","51.701556","Commscope_23:24:6c","Broadcast","802.11","287","-28 dBm","6.5"
"21069","51.802717","Commscope_23:24:6c","Broadcast","802.11","287","-28 dBm","6.5"
"21110","51.904867","Commscope_23:24:6c","Broadcast","802.11","287","-27 dBm","6.5"
"21150","52.006693","Commscope_23:24:6c","Broadcast","802.11","287","-28 dBm","6.5"
"21180","52.109328","Commscope_23:24:6c","Broadcast","802.11","287","-27 dBm","6.5"
"21224","52.212177","Commscope_23:24:6c","Broadcast","802.11","287","-27 dBm","6.5"
"21240","52.259382","Commscope_23:24:6c","Intel_1a:ed:c5","802.11","387","-29 dBm","6"
"21241","52.259386","Commscope_23:24:6c","Intel_1a:ed:c5","802.11","387","-29 dBm","6"
"21242","52.259496","Commscope_23:24:6c","Intel_1a:ed:c5","802.11","387","-29 dBm","6"
"21261","52.313587","Commscope_23:24:6c","Broadcast","802.11","287","-27 dBm","6.5"
"21263","52.316768","Commscope_23:24:6c","Intel_1a:ed:c5","802.11","387","-27 dBm","6"
"21264","52.319297","Commscope_23:24:6c","Intel_1a:ed:c5","802.11","387","-29 dBm","6"
"21265","52.319303","Commscope_23:24:6c","Intel_1a:ed:c5","802.11","387","-27 dBm","6"
"21266","52.319306","Commscope_23:24:6c","Intel_1a:ed:c5","802.11","387","-28 dBm","6"
"21294","52.417197","Commscope_23:24:6c","Broadcast","802.11","287","-30 dBm","6.5"
"21332","52.518454","Commscope_23:24:6c","Broadcast","802.11","287","-27 dBm","6.5"
"21360","52.620800","Commscope_23:24:6c","Broadcast","802.11","287","-27 dBm","6.5"
"21389","52.726525","Commscope_23:24:6c","Broadcast","802.11","287","-30 dBm","6.5"
"21420","52.827807","Commscope_23:24:6c","Broadcast","802.11","287","-28 dBm","6.5"
"21467","52.927920","Commscope_23:24:6c","Broadcast","802.11","287","-28 dBm","6.5"
"21504","53.030531","Commscope_23:24:6c","Broadcast","802.11","287","-28 dBm","6.5"
"21529","53.132962","Commscope_23:24:6c","Broadcast","802.11","287","-29 dBm","6.5"
"21562","53.236366","Commscope_23:24:6c","Broadcast","802.11","287","-27 dBm","6.5"
"21608","53.338730","Commscope_23:24:6c","Broadcast","802.11","287","-29 dBm","6.5"
"21642","53.441174","Commscope_23:24:6c","Broadcast","802.11","287","-30 dBm","6.5"
"21674","53.543483","Commscope_23:24:6c","Broadcast","802.11","287","-29 dBm","6.5"
"21711","53.645993","Commscope_23:24:6c","Broadcast","802.11","287","-29 dBm","6.5"
"21750","53.752045","Commscope_23:24:6c","Broadcast","802.11","287","-29 dBm","6.5"
"21780","53.854943","Commscope_23:24:6c","Broadcast","802.11","287","-28 dBm","6.5"
"21817","53.956465","Commscope_23:24:6c","Broadcast","802.11","287","-29 dBm","6.5"
"21872","54.054754","Commscope_23:24:6c","Broadcast","802.11","287","-29 dBm","6.5"
"21886","54.109139","Commscope_23:24:6c","VantivaUSA_f4:90:cd","802.11","387","-27 dBm","6"
"21887","54.109141","Commscope_23:24:6c","VantivaUSA_f4:90:cd","802.11","387","-28 dBm","6"
"21888","54.109143","Commscope_23:24:6c","VantivaUSA_f4:90:cd","802.11","387","-28 dBm","6"
"21889","54.109704","Commscope_23:24:6c","VantivaUSA_f4:90:cd","802.11","387","-29 dBm","6"
"21912","54.159375","Commscope_23:24:6c","Broadcast","802.11","287","0 dBm","6.5"
"21956","54.260360","Commscope_23:24:6c","Broadcast","802.11","287","-27 dBm","6.5"
"21997","54.357202","Commscope_23:24:6c","NestLabs_90:13:f4","802.11","387","-30 dBm","6"
"21998","54.357207","Commscope_23:24:6c","NestLabs_90:13:f4","802.11","387","-27 dBm","6"
"21999","54.357211","Commscope_23:24:6c","NestLabs_90:13:f4","802.11","387","-27 dBm","6"
"22000","54.358077","Commscope_23:24:6c","NestLabs_90:13:f4","802.11","387","-26 dBm","6"
"22001","54.362788","Commscope_23:24:6c","Broadcast","802.11","287","-28 dBm","6.5"
"22016","54.411792","Commscope_23:24:6c","NestLabs_90:13:f4","802.11","387","-28 dBm","6"
"22017","54.411798","Commscope_23:24:6c","NestLabs_90:13:f4","802.11","387","-28 dBm","6"
"22018","54.411801","Commscope_23:24:6c","NestLabs_90:13:f4","802.11","387","-28 dBm","6"
"22019","54.411899","Commscope_23:24:6c","NestLabs_90:13:f4","802.11","387","-28 dBm","6"
"22021","54.418134","Commscope_23:24:6c","NestLabs_90:13:f4","802.11","387","-28 dBm","6"
"22022","54.418138","Commscope_23:24:6c","NestLabs_90:13:f4","802.11","387","-30 dBm","6"
"22023","54.418146","Commscope_23:24:6c","NestLabs_90:13:f4","802.11","387","-30 dBm","6"
"22024","54.419286","Commscope_23:24:6c","NestLabs_90:13:f4","802.11","387","-28 dBm","6"
"22045","54.466962","Commscope_23:24:6c","Broadcast","802.11","287","-30 dBm","6.5"
"22095","54.577210","Commscope_23:24:6c","Broadcast","802.11","287","-32 dBm","6.5"
"22128","54.669996","Commscope_23:24:6c","Broadcast","802.11","287","-33 dBm","6.5"
"22174","54.771622","Commscope_23:24:6c","Broadcast","802.11","287","-33 dBm","6.5"
"22198","54.874767","Commscope_23:24:6c","Broadcast","802.11","287","-35 dBm","6.5"
"22226","54.977200","Commscope_23:24:6c","Broadcast","802.11","287","-32 dBm","6.5"
"22270","55.079874","Commscope_23:24:6c","Broadcast","802.11","287","-32 dBm","6.5"
"22301","55.186014","Commscope_23:24:6c","Broadcast","802.11","287","-33 dBm","6.5"
"22341","55.283753","Commscope_23:24:6c","Broadcast","802.11","287","-31 dBm","6.5"
"22352","55.314928","Commscope_23:24:6c","VantivaUSA_e6:e2:80","802.11","387","-31 dBm","6"
"22353","55.315206","Commscope_23:24:6c","VantivaUSA_e6:e2:80","802.11","387","-32 dBm","6"
"22354","55.315209","Commscope_23:24:6c","VantivaUSA_e6:e2:80","802.11","387","-30 dBm","6"
"22355","55.315214","Commscope_23:24:6c","VantivaUSA_e6:e2:80","802.11","387","-31 dBm","6"
"22367","55.324911","Commscope_23:24:6c","VantivaUSA_e6:e2:80","802.11","387","-31 dBm","6"
"22368","55.324914","Commscope_23:24:6c","VantivaUSA_e6:e2:80","802.11","387","-31 dBm","6"
"22369","55.324917","Commscope_23:24:6c","VantivaUSA_e6:e2:80","802.11","387","-31 dBm","6"
"22370","55.324920","Commscope_23:24:6c","VantivaUSA_e6:e2:80","802.11","387","-32 dBm","6"
"22400","55.389808","Commscope_23:24:6c","Broadcast","802.11","287","-31 dBm","6.5"
"22435","55.488609","Commscope_23:24:6c","Broadcast","802.11","287","-30 dBm","6.5"
"22472","55.591279","Commscope_23:24:6c","Broadcast","802.11","287","-33 dBm","6.5"
"22500","55.696081","Commscope_23:24:6c","Broadcast","802.11","287","-30 dBm","6.5"
"22538","55.797118","Commscope_23:24:6c","Broadcast","802.11","287","-27 dBm","6.5"
"22566","55.900855","Commscope_23:24:6c","Broadcast","802.11","287","-28 dBm","6.5"
"22599","56.003306","Commscope_23:24:6c","Broadcast","802.11","287","-34 dBm","6.5"
"22653","56.105418","Commscope_23:24:6c","Broadcast","802.11","287","-33 dBm","6.5"
"22737","56.307406","Commscope_23:24:6c","Broadcast","802.11","287","-30 dBm","6.5"
"22754","56.357636","Commscope_23:24:6c","VantivaUSA_34:38:0a","802.11","387","-30 dBm","6"
"22755","56.358544","Commscope_23:24:6c","VantivaUSA_34:38:0a","802.11","387","-28 dBm","6"
"22756","56.360904","Commscope_23:24:6c","VantivaUSA_34:38:0a","802.11","387","-30 dBm","6"
"22757","56.360909","Commscope_23:24:6c","VantivaUSA_34:38:0a","802.11","387","-30 dBm","6"
"22774","56.410906","Commscope_23:24:6c","Broadcast","802.11","287","-29 dBm","6.5"
"22780","56.429329","Commscope_23:24:6c","VantivaUSA_34:38:0a","802.11","387","-30 dBm","6"
"22781","56.429336","Commscope_23:24:6c","VantivaUSA_34:38:0a","802.11","387","-30 dBm","6"
"22782","56.429339","Commscope_23:24:6c","VantivaUSA_34:38:0a","802.11","387","-30 dBm","6"
"22783","56.429440","Commscope_23:24:6c","VantivaUSA_34:38:0a","802.11","387","-30 dBm","6"
"22813","56.512417","Commscope_23:24:6c","Broadcast","802.11","287","-30 dBm","6.5"
"22838","56.614452","Commscope_23:24:6c","Broadcast","802.11","287","-31 dBm","6.5"
"22883","56.719067","Commscope_23:24:6c","Broadcast","802.11","287","-30 dBm","6.5"
"22913","56.786452","Commscope_23:24:6c","VantivaUSA_d0:97:64","802.11","387","-31 dBm","6"
"22927","56.809896","Commscope_23:24:6c","VantivaUSA_d0:97:64","802.11","387","-31 dBm","6"
"22931","56.813692","Commscope_23:24:6c","VantivaUSA_d0:97:64","802.11","387","-33 dBm","6"
"22934","56.820188","Commscope_23:24:6c","Broadcast","802.11","287","-33 dBm","6.5"
"22970","56.927883","Commscope_23:24:6c","Broadcast","802.11","287","-34 dBm","6.5"
"23030","57.025701","Commscope_23:24:6c","Broadcast","802.11","287","-35 dBm","6.5"
"23072","57.126919","Commscope_23:24:6c","Broadcast","802.11","287","-34 dBm","6.5"
"23113","57.229069","Commscope_23:24:6c","Broadcast","802.11","287","-34 dBm","6.5"
"23143","57.272371","Commscope_23:24:6c","VantivaConne_b7:78:00","802.11","387","-36 dBm","6"
"23144","57.272374","Commscope_23:24:6c","VantivaConne_b7:78:00","802.11","387","-34 dBm","6"
"23146","57.273547","Commscope_23:24:6c","VantivaConne_b7:78:00","802.11","387","-35 dBm","6"
"23147","57.274874","Commscope_23:24:6c","VantivaConne_b7:78:00","802.11","387","-35 dBm","6"
"23173","57.332849","Commscope_23:24:6c","Broadcast","802.11","287","-35 dBm","6.5"
"23214","57.434175","Commscope_23:24:6c","Broadcast","802.11","287","-36 dBm","6.5"
"23246","57.538425","Commscope_23:24:6c","Broadcast","802.11","287","-35 dBm","6.5"
"23299","57.638810","Commscope_23:24:6c","Broadcast","802.11","287","-38 dBm","6.5"
"23343","57.741299","Commscope_23:24:6c","Broadcast","802.11","287","-37 dBm","6.5"
"23370","57.844333","Commscope_23:24:6c","Broadcast","802.11","287","-37 dBm","6.5"
"23409","57.946777","Commscope_23:24:6c","Broadcast","802.11","287","-37 dBm","6.5"
"23428","57.982651","Commscope_23:24:6c","Commscope_71:86:02","802.11","387","-37 dBm","6"
"23429","57.982654","Commscope_23:24:6c","Commscope_71:86:02","802.11","387","-37 dBm","6"
"23430","57.983576","Commscope_23:24:6c","Commscope_71:86:02","802.11","387","-37 dBm","6"
"23431","57.984951","Commscope_23:24:6c","Commscope_71:86:02","802.11","387","-37 dBm","6"
"23459","58.052719","Commscope_23:24:6c","Broadcast","802.11","287","-37 dBm","6.5"
"23533","58.155444","Commscope_23:24:6c","Broadcast","802.11","287","0 dBm","6.5"
"23564","58.255864","Commscope_23:24:6c","Broadcast","802.11","287","-35 dBm","6.5"
"23602","58.359526","Commscope_23:24:6c","Broadcast","802.11","287","-36 dBm","6.5"
"23626","58.409628","Commscope_23:24:6c","VantivaUSA_3c:54:73","802.11","387","-35 dBm","6"
"23627","58.412031","Commscope_23:24:6c","VantivaUSA_3c:54:73","802.11","387","-35 dBm","6"
"23628","58.412035","Commscope_23:24:6c","VantivaUSA_3c:54:73","802.11","387","-35 dBm","6"
"23629","58.412038","Commscope_23:24:6c","VantivaUSA_3c:54:73","802.11","387","-34 dBm","6"
"23638","58.461036","Commscope_23:24:6c","Broadcast","802.11","287","0 dBm","6.5"
"23679","58.562309","Commscope_23:24:6c","Broadcast","802.11","287","-35 dBm","6.5"
"23710","58.663107","Commscope_23:24:6c","Broadcast","802.11","287","-34 dBm","6.5"
"23732","58.768274","Commscope_23:24:6c","Broadcast","802.11","287","-34 dBm","6.5"
"23783","58.869499","Commscope_23:24:6c","Broadcast","802.11","287","-34 dBm","6.5"
"23855","59.072438","Commscope_23:24:6c","Broadcast","802.11","287","-34 dBm","6.5"
"23893","59.174827","Commscope_23:24:6c","Broadcast","802.11","287","-34 dBm","6.5"
"23936","59.278099","Commscope_23:24:6c","Broadcast","802.11","287","-34 dBm","6.5"
"23954","59.315240","Commscope_23:24:6c","NestLabs_90:13:f4","802.11","387","-34 dBm","6"
"23955","59.315244","Commscope_23:24:6c","NestLabs_90:13:f4","802.11","387","-34 dBm","6"
"23956","59.316350","Commscope_23:24:6c","NestLabs_90:13:f4","802.11","387","-34 dBm","6"
"23957","59.316353","Commscope_23:24:6c","NestLabs_90:13:f4","802.11","387","-33 dBm","6"
"23991","59.379639","Commscope_23:24:6c","Broadcast","802.11","287","-34 dBm","6.5"
"23992","59.379905","Commscope_23:24:6c","NestLabs_90:13:f4","802.11","387","-34 dBm","6"
"23993","59.385195","Commscope_23:24:6c","NestLabs_90:13:f4","802.11","387","-34 dBm","6"
"23994","59.385198","Commscope_23:24:6c","NestLabs_90:13:f4","802.11","387","-34 dBm","6"
"23995","59.385202","Commscope_23:24:6c","NestLabs_90:13:f4","802.11","387","-34 dBm","6"
"24003","59.402166","Commscope_23:24:6c","NestLabs_90:13:f4","802.11","387","-34 dBm","6"
"24004","59.402264","Commscope_23:24:6c","NestLabs_90:13:f4","802.11","387","-34 dBm","6"
"24005","59.402267","Commscope_23:24:6c","NestLabs_90:13:f4","802.11","387","-34 dBm","6"
"24029","59.481903","Commscope_23:24:6c","Broadcast","802.11","287","-33 dBm","6.5"
"24065","59.585315","Commscope_23:24:6c","Broadcast","802.11","287","-33 dBm","6.5"
"24097","59.692280","Commscope_23:24:6c","Broadcast","802.11","287","-32 dBm","6.5"
"24148","59.798981","Commscope_23:24:6c","Broadcast","802.11","287","-31 dBm","6.5"
"24183","59.894206","Commscope_23:24:6c","Broadcast","802.11","287","-31 dBm","6.5"
"24245","59.998161","Commscope_23:24:6c","Broadcast","802.11","287","-29 dBm","6.5"
"24287","60.096999","Commscope_23:24:6c","Broadcast","802.11","287","-31 dBm","6.5"
"24293","60.105324","Commscope_23:24:6c","VantivaUSA_da:e6:14","802.11","387","-29 dBm","6"
"24310","60.119121","Commscope_23:24:6c","VantivaUSA_da:e6:14","802.11","387","-30 dBm","6"
"24311","60.120230","Commscope_23:24:6c","VantivaUSA_da:e6:14","802.11","387","-30 dBm","6"
"24312","60.120235","Commscope_23:24:6c","VantivaUSA_da:e6:14","802.11","387","-29 dBm","6"
"24313","60.121302","Commscope_23:24:6c","VantivaUSA_da:e6:14","802.11","387","-29 dBm","6"
"24354","60.202175","Commscope_23:24:6c","Broadcast","802.11","287","-30 dBm","6.5"
"24388","60.302051","Commscope_23:24:6c","Broadcast","802.11","287","-30 dBm","6.5"
"24424","60.404496","Commscope_23:24:6c","Broadcast","802.11","287","-32 dBm","6.5"
"24474","60.506807","Commscope_23:24:6c","Broadcast","802.11","287","-31 dBm","6.5"
"24513","60.624837","Commscope_23:24:6c","Broadcast","802.11","287","-39 dBm","6.5"
"24548","60.710674","Commscope_23:24:6c","Broadcast","802.11","287","-38 dBm","6.5"
"24579","60.815919","Commscope_23:24:6c","Broadcast","802.11","287","-36 dBm","6.5"
"24616","60.918328","Commscope_23:24:6c","Broadcast","802.11","287","-35 dBm","6.5"
"24687","61.019574","Commscope_23:24:6c","Broadcast","802.11","287","-32 dBm","6.5"
"24733","61.121753","Commscope_23:24:6c","Broadcast","802.11","287","-29 dBm","6.5"
"24773","61.222748","Commscope_23:24:6c","Broadcast","802.11","287","-30 dBm","6.5"
"24809","61.327155","Commscope_23:24:6c","Broadcast","802.11","287","-32 dBm","6.5"
"24876","61.530201","Commscope_23:24:6c","Broadcast","802.11","287","-35 dBm","6.5"
"24910","61.639012","Commscope_23:24:6c","Broadcast","802.11","287","-36 dBm","6.5"
"24962","61.841665","Commscope_23:24:6c","Broadcast","802.11","287","-36 dBm","6.5"
"24996","61.940723","Commscope_23:24:6c","Broadcast","802.11","287","-35 dBm","6.5"
"25032","62.046482","Commscope_23:24:6c","Broadcast","802.11","287","-35 dBm","6.5"
"25071","62.149495","Commscope_23:24:6c","Broadcast","802.11","287","-34 dBm","6.5"
"25072","62.149498","Commscope_23:24:6c","VantivaUSA_c5:dd:3d","802.11","387","-34 dBm","6"
"25073","62.149502","Commscope_23:24:6c","VantivaUSA_c5:dd:3d","802.11","387","-34 dBm","6"
"25074","62.149504","Commscope_23:24:6c","VantivaUSA_c5:dd:3d","802.11","387","-34 dBm","6"
"25075","62.149602","Commscope_23:24:6c","VantivaUSA_c5:dd:3d","802.11","387","-34 dBm","6"
"25106","62.246858","Commscope_23:24:6c","Broadcast","802.11","287","-34 dBm","6.5"
"25142","62.350257","Commscope_23:24:6c","Broadcast","802.11","287","-34 dBm","6.5"
"25177","62.451766","Commscope_23:24:6c","Broadcast","802.11","287","-34 dBm","6.5"
"25212","62.556689","Commscope_23:24:6c","Broadcast","802.11","287","-33 dBm","6.5"
"25240","62.656806","Commscope_23:24:6c","Broadcast","802.11","287","-32 dBm","6.5"
"25279","62.759745","Commscope_23:24:6c","Broadcast","802.11","287","-31 dBm","6.5"
"25313","62.863999","Commscope_23:24:6c","Broadcast","802.11","287","-31 dBm","6.5"
"25345","62.968053","Commscope_23:24:6c","Broadcast","802.11","287","-31 dBm","6.5"
"25377","63.066889","Commscope_23:24:6c","Broadcast","802.11","287","-32 dBm","6.5"
"25418","63.172943","Commscope_23:24:6c","Broadcast","802.11","287","-32 dBm","6.5"
"25461","63.275257","Commscope_23:24:6c","Broadcast","802.11","287","-31 dBm","6.5"
"25485","63.326500","Commscope_23:24:6c","fa:b3:5c:ea:fa:e5","802.11","387","-32 dBm","6"
"25486","63.326504","Commscope_23:24:6c","fa:b3:5c:ea:fa:e5","802.11","387","-31 dBm","6"
"25487","63.326508","Commscope_23:24:6c","fa:b3:5c:ea:fa:e5","802.11","387","-32 dBm","6"
"25488","63.327125","Commscope_23:24:6c","fa:b3:5c:ea:fa:e5","802.11","387","-31 dBm","6"
"25509","63.376084","Commscope_23:24:6c","Broadcast","802.11","287","-32 dBm","6.5"
"25560","63.480390","Commscope_23:24:6c","Broadcast","802.11","287","-32 dBm","6.5"
"25611","63.586204","Commscope_23:24:6c","Broadcast","802.11","287","-32 dBm","6.5"
"25651","63.685321","Commscope_23:24:6c","Broadcast","802.11","287","-32 dBm","6.5"
"25686","63.782548","Commscope_23:24:6c","Broadcast","802.11","287","-33 dBm","6.5"
"25730","63.884950","Commscope_23:24:6c","Broadcast","802.11","287","-32 dBm","6.5"
"25773","63.992065","Commscope_23:24:6c","Broadcast","802.11","287","-33 dBm","6.5"
"25818","64.090874","Commscope_23:24:6c","Broadcast","802.11","287","-33 dBm","6.5"
"26226","65.216599","Commscope_23:24:6c","Broadcast","802.11","287","-29 dBm","6.5"
"26270","65.320603","Commscope_23:24:6c","Broadcast","802.11","287","-31 dBm","6.5"
"26319","65.424196","Commscope_23:24:6c","Broadcast","802.11","287","-31 dBm","6.5"
"26367","65.523851","Commscope_23:24:6c","Broadcast","802.11","287","-31 dBm","6.5"
"26416","65.627401","Commscope_23:24:6c","Broadcast","802.11","287","-33 dBm","6.5"
"26462","65.729461","Commscope_23:24:6c","Broadcast","802.11","287","-32 dBm","6.5"
"26499","65.833653","Commscope_23:24:6c","Broadcast","802.11","287","-37 dBm","6.5"
"26542","65.934269","Commscope_23:24:6c","Broadcast","802.11","287","-39 dBm","6.5"
"26547","65.952715","Commscope_23:24:6c","66:e9:fa:18:0d:60","802.11","387","-39 dBm","6"
"26548","65.953898","Commscope_23:24:6c","66:e9:fa:18:0d:60","802.11","387","-38 dBm","6"
"26557","65.959825","Commscope_23:24:6c","66:e9:fa:18:0d:60","802.11","387","-38 dBm","6"
"26560","65.961918","Commscope_23:24:6c","66:e9:fa:18:0d:60","802.11","387","-38 dBm","6"
"26589","66.037869","Commscope_23:24:6c","Broadcast","802.11","287","-38 dBm","6.5"
"26639","66.137748","Commscope_23:24:6c","Broadcast","802.11","287","-35 dBm","6.5"
"26688","66.244919","Commscope_23:24:6c","Broadcast","802.11","287","-37 dBm","6.5"
"26734","66.343221","Commscope_23:24:6c","Broadcast","802.11","287","-35 dBm","6.5"
"26752","66.399522","Commscope_23:24:6c","VantivaUSA_47:c6:30","802.11","387","-38 dBm","6"
"26753","66.399528","Commscope_23:24:6c","VantivaUSA_47:c6:30","802.11","387","-35 dBm","6"
"26754","66.399531","Commscope_23:24:6c","VantivaUSA_47:c6:30","802.11","387","-37 dBm","6"
"26755","66.405554","Commscope_23:24:6c","VantivaUSA_47:c6:30","802.11","387","-37 dBm","6"
"26778","66.446064","Commscope_23:24:6c","Broadcast","802.11","287","-38 dBm","6.5"
"26816","66.549279","Commscope_23:24:6c","Broadcast","802.11","287","-39 dBm","6.5"
"26860","66.651138","Commscope_23:24:6c","Broadcast","802.11","287","-38 dBm","6.5"
"26885","66.723911","Commscope_23:24:6c","VantivaUSA_21:c1:b7","802.11","387","-37 dBm","6"
"26886","66.730347","Commscope_23:24:6c","VantivaUSA_21:c1:b7","802.11","387","-38 dBm","6"
"26888","66.730356","Commscope_23:24:6c","VantivaUSA_21:c1:b7","802.11","387","-38 dBm","6"
"26890","66.733118","Commscope_23:24:6c","VantivaUSA_21:c1:b7","802.11","387","-38 dBm","6"
"26907","66.753245","Commscope_23:24:6c","Broadcast","802.11","287","-37 dBm","6.5"
"26915","66.774766","Commscope_23:24:6c","VantivaUSA_3f:b1:bd","802.11","387","-38 dBm","6"
"26916","66.775088","Commscope_23:24:6c","VantivaUSA_3f:b1:bd","802.11","387","-37 dBm","6"
"26919","66.781381","Commscope_23:24:6c","VantivaUSA_3f:b1:bd","802.11","387","-37 dBm","6"
"26920","66.781385","Commscope_23:24:6c","VantivaUSA_3f:b1:bd","802.11","387","-38 dBm","6"
"26972","66.858762","Commscope_23:24:6c","Broadcast","802.11","287","-36 dBm","6.5"
"27019","66.957600","Commscope_23:24:6c","Broadcast","802.11","287","-36 dBm","6.5"
"27079","67.063477","Commscope_23:24:6c","Broadcast","802.11","287","-36 dBm","6.5"
"27108","67.170698","Commscope_23:24:6c","Broadcast","802.11","287","-37 dBm","6.5"
"27120","67.210510","Commscope_23:24:6c","VantivaUSA_eb:46:50","802.11","387","-36 dBm","6"
"27121","67.210590","Commscope_23:24:6c","VantivaUSA_eb:46:50","802.11","387","-36 dBm","6"
"27122","67.210594","Commscope_23:24:6c","VantivaUSA_eb:46:50","802.11","387","-36 dBm","6"
"27123","67.217326","Commscope_23:24:6c","VantivaUSA_eb:46:50","802.11","387","-37 dBm","6"
"27140","67.266617","Commscope_23:24:6c","Broadcast","802.11","287","-36 dBm","6.5"
"27186","67.371943","Commscope_23:24:6c","Broadcast","802.11","287","-35 dBm","6.5"
"27216","67.470352","Commscope_23:24:6c","Broadcast","802.11","287","-35 dBm","6.5"
"27259","67.572776","Commscope_23:24:6c","Broadcast","802.11","287","-35 dBm","6.5"
"27294","67.681517","Commscope_23:24:6c","Broadcast","802.11","287","-36 dBm","6.5"
"27329","67.777362","Commscope_23:24:6c","Broadcast","802.11","287","-36 dBm","6.5"
"27369","67.898471","Commscope_23:24:6c","Broadcast","802.11","287","-37 dBm","6.5"
"27396","67.968578","Commscope_23:24:6c","Commscope_71:86:02","802.11","387","-37 dBm","6"
"27399","67.969530","Commscope_23:24:6c","Commscope_71:86:02","802.11","387","-38 dBm","6"
"27400","67.969535","Commscope_23:24:6c","Commscope_71:86:02","802.11","387","-37 dBm","6"
"27401","67.970664","Commscope_23:24:6c","Commscope_71:86:02","802.11","387","-37 dBm","6"
"27415","67.981868","Commscope_23:24:6c","Broadcast","802.11","287","-38 dBm","6.5"
"27455","68.084128","Commscope_23:24:6c","Broadcast","802.11","287","-37 dBm","6.5"
"27498","68.186376","Commscope_23:24:6c","Broadcast","802.11","287","-38 dBm","6.5"
"27541","68.289106","Commscope_23:24:6c","Broadcast","802.11","287","-38 dBm","6.5"
"27588","68.392095","Commscope_23:24:6c","Broadcast","802.11","287","-37 dBm","6.5"
"27624","68.493184","Commscope_23:24:6c","Broadcast","802.11","287","-34 dBm","6.5"
"27655","68.599375","Commscope_23:24:6c","Broadcast","802.11","287","-37 dBm","6.5"
"27689","68.699160","Commscope_23:24:6c","Broadcast","802.11","287","-35 dBm","6.5"
"27732","68.804749","Commscope_23:24:6c","Broadcast","802.11","287","-37 dBm","6.5"
"27768","68.906040","Commscope_23:24:6c","Broadcast","802.11","287","0 dBm","6.5"
"27814","69.016797","Commscope_23:24:6c","Broadcast","802.11","287","-35 dBm","6.5"
"27841","69.107656","Commscope_23:24:6c","Broadcast","802.11","287","-35 dBm","6.5"
"27882","69.209882","Commscope_23:24:6c","Broadcast","802.11","287","-34 dBm","6.5"
"27949","69.314444","Commscope_23:24:6c","Broadcast","802.11","287","-34 dBm","6.5"
"27953","69.327940","Commscope_23:24:6c","NestLabs_90:13:f4","802.11","387","-36 dBm","6"
"27955","69.327949","Commscope_23:24:6c","NestLabs_90:13:f4","802.11","387","-34 dBm","6"
"27956","69.327952","Commscope_23:24:6c","NestLabs_90:13:f4","802.11","387","-36 dBm","6"
"27957","69.328052","Commscope_23:24:6c","NestLabs_90:13:f4","802.11","387","-33 dBm","6"
"27968","69.349883","Commscope_23:24:6c","NestLabs_90:13:f4","802.11","387","-33 dBm","6"
"27969","69.349886","Commscope_23:24:6c","NestLabs_90:13:f4","802.11","387","-33 dBm","6"
"27970","69.351192","Commscope_23:24:6c","NestLabs_90:13:f4","802.11","387","-33 dBm","6"
"27971","69.351195","Commscope_23:24:6c","NestLabs_90:13:f4","802.11","387","-33 dBm","6"
"27979","69.378301","Commscope_23:24:6c","NestLabs_90:13:f4","802.11","387","-36 dBm","6"
"27980","69.378303","Commscope_23:24:6c","NestLabs_90:13:f4","802.11","387","-34 dBm","6"
"27981","69.379541","Commscope_23:24:6c","NestLabs_90:13:f4","802.11","387","-34 dBm","6"
"27982","69.379545","Commscope_23:24:6c","NestLabs_90:13:f4","802.11","387","-34 dBm","6"
"28005","69.415252","Commscope_23:24:6c","Broadcast","802.11","287","-34 dBm","6.5"
"28015","69.432185","Commscope_23:24:6c","NestLabs_90:13:f4","802.11","387","-33 dBm","6"
"28016","69.432189","Commscope_23:24:6c","NestLabs_90:13:f4","802.11","387","-33 dBm","6"
"28017","69.433778","Commscope_23:24:6c","NestLabs_90:13:f4","802.11","387","-35 dBm","6"
"28018","69.433784","Commscope_23:24:6c","NestLabs_90:13:f4","802.11","387","-33 dBm","6"
"28055","69.518385","Commscope_23:24:6c","Broadcast","802.11","287","-33 dBm","6.5"
"28100","69.626540","Commscope_23:24:6c","Broadcast","802.11","287","-32 dBm","6.5"
"28140","69.722277","Commscope_23:24:6c","Broadcast","802.11","287","-32 dBm","6.5"
"28187","69.824671","Commscope_23:24:6c","Broadcast","802.11","287","0 dBm","6.5"
"28229","69.927930","Commscope_23:24:6c","Broadcast","802.11","287","-34 dBm","6.5"
"28276","70.033042","Commscope_23:24:6c","Broadcast","802.11","287","-34 dBm","6.5"
"28299","70.089667","Commscope_23:24:6c","VantivaUSA_da:e6:14","802.11","387","-35 dBm","6"
"28300","70.092626","Commscope_23:24:6c","VantivaUSA_da:e6:14","802.11","387","-35 dBm","6"
"28301","70.094876","Commscope_23:24:6c","VantivaUSA_da:e6:14","802.11","387","-35 dBm","6"
"28302","70.094880","Commscope_23:24:6c","VantivaUSA_da:e6:14","802.11","387","-35 dBm","6"
"28313","70.100369","Commscope_23:24:6c","VantivaUSA_da:e6:14","802.11","387","-35 dBm","6"
"28314","70.101893","Commscope_23:24:6c","VantivaUSA_da:e6:14","802.11","387","-35 dBm","6"
"28317","70.103565","Commscope_23:24:6c","VantivaUSA_da:e6:14","802.11","387","-35 dBm","6"
"28322","70.113163","Commscope_23:24:6c","VantivaUSA_da:e6:14","802.11","387","-35 dBm","6"
"28329","70.135305","Commscope_23:24:6c","Broadcast","802.11","287","-35 dBm","6.5"
"28379","70.234235","Commscope_23:24:6c","Broadcast","802.11","287","-39 dBm","6.5"
"28435","70.341600","Commscope_23:24:6c","Broadcast","802.11","287","-34 dBm","6.5"
"28479","70.442980","Commscope_23:24:6c","Broadcast","802.11","287","-35 dBm","6.5"
"28533","70.542322","Commscope_23:24:6c","Broadcast","802.11","287","-34 dBm","6.5"
"28567","70.645233","Commscope_23:24:6c","Broadcast","802.11","287","-34 dBm","6.5"
"28613","70.746195","Commscope_23:24:6c","Broadcast","802.11","287","-35 dBm","6.5"
"28654","70.848630","Commscope_23:24:6c","Broadcast","802.11","287","-31 dBm","6.5"
"28697","70.954763","Commscope_23:24:6c","Broadcast","802.11","287","-31 dBm","6.5"
"28749","71.055487","Commscope_23:24:6c","Broadcast","802.11","287","-31 dBm","6.5"
"28804","71.160037","Commscope_23:24:6c","Broadcast","802.11","287","-30 dBm","6.5"
"28855","71.259200","Commscope_23:24:6c","Broadcast","802.11","287","-31 dBm","6.5"
"28895","71.362853","Commscope_23:24:6c","Broadcast","802.11","287","-31 dBm","6.5"
"28944","71.464637","Commscope_23:24:6c","Broadcast","802.11","287","-28 dBm","6.5"
"28954","71.485814","Commscope_23:24:6c","VantivaUSA_c5:dd:3d","802.11","387","-30 dBm","6"
"28955","71.489539","Commscope_23:24:6c","VantivaUSA_c5:dd:3d","802.11","387","-27 dBm","6"
"28988","71.566332","Commscope_23:24:6c","Broadcast","802.11","287","-31 dBm","6.5"
"29031","71.673035","Commscope_23:24:6c","Broadcast","802.11","287","-31 dBm","6.5"
"29083","71.771158","Commscope_23:24:6c","Broadcast","802.11","287","-31 dBm","6.5"
"29136","71.884547","Commscope_23:24:6c","Broadcast","802.11","287","-31 dBm","6.5"
"29180","71.975329","Commscope_23:24:6c","Broadcast","802.11","287","-33 dBm","6.5"
"29222","72.081489","Commscope_23:24:6c","Broadcast","802.11","287","-34 dBm","6.5"
"29264","72.179652","Commscope_23:24:6c","Broadcast","802.11","287","-34 dBm","6.5"
"29302","72.283321","Commscope_23:24:6c","Broadcast","802.11","287","-33 dBm","6.5"
"29353","72.385591","Commscope_23:24:6c","Broadcast","802.11","287","-33 dBm","6.5"
"29391","72.487293","Commscope_23:24:6c","Broadcast","802.11","287","-35 dBm","6.5"
"29430","72.597081","Commscope_23:24:6c","Broadcast","802.11","287","-34 dBm","6.5"
"29462","72.692017","Commscope_23:24:6c","Broadcast","802.11","287","-33 dBm","6.5"
"29558","72.896655","Commscope_23:24:6c","Broadcast","802.11","287","-35 dBm","6.5"
"29616","73.000726","Commscope_23:24:6c","Broadcast","802.11","287","-35 dBm","6.5"
"29658","73.107157","Commscope_23:24:6c","Broadcast","802.11","287","-36 dBm","6.5"
"29688","73.205879","Commscope_23:24:6c","Broadcast","802.11","287","-34 dBm","6.5"
"29736","73.307155","Commscope_23:24:6c","Broadcast","802.11","287","-36 dBm","6.5"
"29781","73.408592","Commscope_23:24:6c","Broadcast","802.11","287","-35 dBm","6.5"
"29830","73.511433","Commscope_23:24:6c","Broadcast","802.11","287","-35 dBm","6.5"
"29890","73.621000","Commscope_23:24:6c","Broadcast","802.11","287","-34 dBm","6.5"
"29929","73.716889","Commscope_23:24:6c","Broadcast","802.11","287","-34 dBm","6.5"
"29974","73.826319","Commscope_23:24:6c","Broadcast","802.11","287","-35 dBm","6.5"
"30013","73.922044","Commscope_23:24:6c","Broadcast","802.11","287","-34 dBm","6.5"
"30069","74.024009","Commscope_23:24:6c","Broadcast","802.11","287","-36 dBm","6.5"
"30110","74.123575","Commscope_23:24:6c","VantivaUSA_f4:90:cd","802.11","387","-35 dBm","6"
"30111","74.123679","Commscope_23:24:6c","VantivaUSA_f4:90:cd","802.11","387","-35 dBm","6"
"30112","74.124709","Commscope_23:24:6c","VantivaUSA_f4:90:cd","802.11","387","-36 dBm","6"
"30113","74.129042","Commscope_23:24:6c","Broadcast","802.11","287","-36 dBm","6.5"
"30148","74.228852","Commscope_23:24:6c","Broadcast","802.11","287","-34 dBm","6.5"
"30186","74.330646","Commscope_23:24:6c","Broadcast","802.11","287","-35 dBm","6.5"
"30225","74.435970","Commscope_23:24:6c","Broadcast","802.11","287","-33 dBm","6.5"
"30270","74.536831","Commscope_23:24:6c","Broadcast","802.11","287","-34 dBm","6.5"
"30308","74.644652","Commscope_23:24:6c","Broadcast","802.11","287","-33 dBm","6.5"
"30342","74.740917","Commscope_23:24:6c","Broadcast","802.11","287","-34 dBm","6.5"
"30372","74.849982","Commscope_23:24:6c","Broadcast","802.11","287","-35 dBm","6.5"
"30401","74.944487","Commscope_23:24:6c","Broadcast","802.11","287","-34 dBm","6.5"
"30427","75.013788","Commscope_23:24:6c","d6:1b:e8:61:c8:65","802.11","387","-36 dBm","6"
"30428","75.013791","Commscope_23:24:6c","d6:1b:e8:61:c8:65","802.11","387","-36 dBm","6"
"30429","75.013794","Commscope_23:24:6c","d6:1b:e8:61:c8:65","802.11","387","-35 dBm","6"
"30430","75.014476","Commscope_23:24:6c","d6:1b:e8:61:c8:65","802.11","387","-35 dBm","6"
"30446","75.047313","Commscope_23:24:6c","Broadcast","802.11","287","-34 dBm","6.5"
"30482","75.150412","Commscope_23:24:6c","Broadcast","802.11","287","-33 dBm","6.5"
"30525","75.256055","Commscope_23:24:6c","Broadcast","802.11","287","-31 dBm","6.5"
"30543","75.312095","Commscope_23:24:6c","VantivaUSA_e6:e2:80","802.11","387","-28 dBm","6"
"30544","75.312098","Commscope_23:24:6c","VantivaUSA_e6:e2:80","802.11","387","-28 dBm","6"
"30545","75.312101","Commscope_23:24:6c","VantivaUSA_e6:e2:80","802.11","387","-28 dBm","6"
"30546","75.312865","Commscope_23:24:6c","VantivaUSA_e6:e2:80","802.11","387","-28 dBm","6"
"30580","75.355192","Commscope_23:24:6c","Broadcast","802.11","287","-29 dBm","6.5"
"30619","75.457725","Commscope_23:24:6c","Broadcast","802.11","287","-27 dBm","6.5"
"30654","75.562717","Commscope_23:24:6c","Broadcast","802.11","287","-29 dBm","6.5"
"30692","75.662468","Commscope_23:24:6c","Broadcast","802.11","287","-33 dBm","6.5"
"30742","75.781399","Commscope_23:24:6c","VantivaUSA_3c:54:73","802.11","387","-32 dBm","6"
"30743","75.784333","Commscope_23:24:6c","VantivaUSA_3c:54:73","802.11","387","-33 dBm","6"
"30744","75.784643","Commscope_23:24:6c","VantivaUSA_3c:54:73","802.11","387","-34 dBm","6"
"30745","75.784648","Commscope_23:24:6c","VantivaUSA_3c:54:73","802.11","387","-31 dBm","6"
"30771","75.845933","Commscope_23:24:6c","VantivaUSA_fe:94:cd","802.11","387","-35 dBm","6"
"30772","75.845935","Commscope_23:24:6c","VantivaUSA_fe:94:cd","802.11","387","-33 dBm","6"
"30773","75.845937","Commscope_23:24:6c","VantivaUSA_fe:94:cd","802.11","387","-33 dBm","6"
"30775","75.846840","Commscope_23:24:6c","VantivaUSA_fe:94:cd","802.11","387","-33 dBm","6"
"30784","75.870591","Commscope_23:24:6c","Broadcast","802.11","287","-35 dBm","6.5"
"30823","75.970869","Commscope_23:24:6c","Broadcast","802.11","287","-35 dBm","6.5"
"30858","76.072484","Commscope_23:24:6c","Broadcast","802.11","287","-36 dBm","6.5"
"30909","76.173735","Commscope_23:24:6c","Broadcast","802.11","287","-34 dBm","6.5"
"30948","76.277962","Commscope_23:24:6c","Broadcast","802.11","287","-36 dBm","6.5"
"30966","76.322954","Commscope_23:24:6c","Intel_d9:ae:54","802.11","387","-35 dBm","6"
"30967","76.322958","Commscope_23:24:6c","Intel_d9:ae:54","802.11","387","-36 dBm","6"
"30968","76.322961","Commscope_23:24:6c","Intel_d9:ae:54","802.11","387","-36 dBm","6"
"30969","76.322964","Commscope_23:24:6c","Intel_d9:ae:54","802.11","387","-36 dBm","6"
"31002","76.378084","Commscope_23:24:6c","Broadcast","802.11","287","-37 dBm","6.5"
"31008","76.383974","Commscope_23:24:6c","Intel_d9:ae:54","802.11","387","-36 dBm","6"
"31009","76.383977","Commscope_23:24:6c","Intel_d9:ae:54","802.11","387","-37 dBm","6"
"31046","76.482467","Commscope_23:24:6c","Broadcast","802.11","287","-38 dBm","6.5"
"31083","76.585486","Commscope_23:24:6c","Broadcast","802.11","287","-38 dBm","6.5"
"31113","76.686446","Commscope_23:24:6c","Broadcast","802.11","287","-39 dBm","6.5"
"31166","76.787572","Commscope_23:24:6c","Broadcast","802.11","287","-38 dBm","6.5"
"31189","76.815542","Commscope_23:24:6c","VantivaUSA_d0:97:64","802.11","387","-38 dBm","6"
"31244","76.993689","Commscope_23:24:6c","Broadcast","802.11","287","-38 dBm","6.5"
"31284","77.095369","Commscope_23:24:6c","Broadcast","802.11","287","-39 dBm","6.5"
"31334","77.198436","Commscope_23:24:6c","Broadcast","802.11","287","-39 dBm","6.5"
"31365","77.251550","Commscope_23:24:6c","VantivaConne_b7:78:00","802.11","387","-39 dBm","6"
"31366","77.251553","Commscope_23:24:6c","VantivaConne_b7:78:00","802.11","387","-39 dBm","6"
"31367","77.254389","Commscope_23:24:6c","VantivaConne_b7:78:00","802.11","387","-39 dBm","6"
"31368","77.254501","Commscope_23:24:6c","VantivaConne_b7:78:00","802.11","387","-39 dBm","6"
"31403","77.300974","Commscope_23:24:6c","Broadcast","802.11","287","-39 dBm","6.5"
"31450","77.402339","Commscope_23:24:6c","Broadcast","802.11","287","-39 dBm","6.5"
"31491","77.504898","Commscope_23:24:6c","Broadcast","802.11","287","-40 dBm","6.5"
"31533","77.610406","Commscope_23:24:6c","Broadcast","802.11","287","-39 dBm","6.5"
"31575","77.709751","Commscope_23:24:6c","Broadcast","802.11","287","-39 dBm","6.5"
"31621","77.812174","Commscope_23:24:6c","Broadcast","802.11","287","-40 dBm","6.5"
"31670","77.918505","Commscope_23:24:6c","Broadcast","802.11","287","-40 dBm","6.5"
"31727","77.994036","Commscope_23:24:6c","26:55:aa:93:7f:dd","802.11","387","-39 dBm","6"
"31728","77.995150","Commscope_23:24:6c","26:55:aa:93:7f:dd","802.11","387","-39 dBm","6"
"31730","77.996521","Commscope_23:24:6c","26:55:aa:93:7f:dd","802.11","387","-39 dBm","6"
"31731","77.996525","Commscope_23:24:6c","26:55:aa:93:7f:dd","802.11","387","-39 dBm","6"
"31751","78.019832","Commscope_23:24:6c","Broadcast","802.11","287","-39 dBm","6.5"
"31752","78.019836","Commscope_23:24:6c","26:55:aa:93:7f:dd","802.11","387","-39 dBm","6"
"31755","78.019845","Commscope_23:24:6c","26:55:aa:93:7f:dd","802.11","387","-39 dBm","6"
"31756","78.019848","Commscope_23:24:6c","26:55:aa:93:7f:dd","802.11","387","-39 dBm","6"
"31758","78.020896","Commscope_23:24:6c","26:55:aa:93:7f:dd","802.11","387","-39 dBm","6"
"31801","78.084832","Commscope_23:24:6c","66:12:89:fb:0b:a2","802.11","387","-39 dBm","6"
"31802","78.086020","Commscope_23:24:6c","66:12:89:fb:0b:a2","802.11","387","-39 dBm","6"
"31803","78.086025","Commscope_23:24:6c","66:12:89:fb:0b:a2","802.11","387","-40 dBm","6"
"31804","78.091364","Commscope_23:24:6c","66:12:89:fb:0b:a2","802.11","387","-40 dBm","6"
"31810","78.106297","Commscope_23:24:6c","66:12:89:fb:0b:a2","802.11","387","-40 dBm","6"
"31811","78.106300","Commscope_23:24:6c","66:12:89:fb:0b:a2","802.11","387","-40 dBm","6"
"31812","78.106303","Commscope_23:24:6c","66:12:89:fb:0b:a2","802.11","387","-40 dBm","6"
"31813","78.107450","Commscope_23:24:6c","66:12:89:fb:0b:a2","802.11","387","-41 dBm","6"
"31814","78.122146","Commscope_23:24:6c","Broadcast","802.11","287","-40 dBm","6.5"
"31854","78.224360","Commscope_23:24:6c","Broadcast","802.11","287","-40 dBm","6.5"
"31918","78.295213","Commscope_23:24:6c","32:f0:e4:9a:c9:39","802.11","387","-40 dBm","6"
"31919","78.295218","Commscope_23:24:6c","32:f0:e4:9a:c9:39","802.11","387","-40 dBm","6"
"31921","78.295223","Commscope_23:24:6c","32:f0:e4:9a:c9:39","802.11","387","-40 dBm","6"
"31922","78.295225","Commscope_23:24:6c","32:f0:e4:9a:c9:39","802.11","387","-40 dBm","6"
"31947","78.323969","Commscope_23:24:6c","Broadcast","802.11","287","-39 dBm","6.5"
