"No.","Time","Source","Destination","Protocol","Length","Signal strength (dBm)"
"9","0.010403","Commscope_23:24:6c","de:1a:0f:7b:fb:bd","802.11","387","-22 dBm"
"63","0.092585","Commscope_23:24:6c","Broadcast","802.11","287","-22 dBm"
"92","0.193174","Commscope_23:24:6c","Broadcast","802.11","287","-21 dBm"
"134","0.295077","Commscope_23:24:6c","Broadcast","802.11","287","-22 dBm"
"172","0.404160","Commscope_23:24:6c","Broadcast","802.11","287","-22 dBm"
"210","0.516288","Commscope_23:24:6c","Broadcast","802.11","287","-22 dBm"
"241","0.608947","Commscope_23:24:6c","Broadcast","802.11","287","-23 dBm"
"270","0.712337","Commscope_23:24:6c","Broadcast","802.11","287","-22 dBm"
"315","0.809347","Commscope_23:24:6c","Broadcast","802.11","287","-22 dBm"
"400","0.914777","Commscope_23:24:6c","Broadcast","802.11","287","-22 dBm"
"473","1.017281","Commscope_23:24:6c","Broadcast","802.11","287","-22 dBm"
"543","1.115517","Commscope_23:24:6c","Broadcast","802.11","287","-23 dBm"
"635","1.219700","Commscope_23:24:6c","Broadcast","802.11","287","-21 dBm"
"701","1.312393","Commscope_23:24:6c","NestLabs_90:13:f4","802.11","387","-22 dBm"
"702","1.313570","Commscope_23:24:6c","NestLabs_90:13:f4","802.11","387","-23 dBm"
"703","1.315066","Commscope_23:24:6c","NestLabs_90:13:f4","802.11","387","-21 dBm"
"704","1.315070","Commscope_23:24:6c","NestLabs_90:13:f4","802.11","387","-23 dBm"
"706","1.320714","Commscope_23:24:6c","Broadcast","802.11","287","-21 dBm"
"734","1.424480","Commscope_23:24:6c","Broadcast","802.11","287","-21 dBm"
"780","1.527327","Commscope_23:24:6c","Broadcast","802.11","287","-21 dBm"
"835","1.631668","Commscope_23:24:6c","Broadcast","802.11","287","-21 dBm"
"861","1.735141","Commscope_23:24:6c","Broadcast","802.11","287","-21 dBm"
"895","1.833382","Commscope_23:24:6c","Broadcast","802.11","287","-21 dBm"
"934","1.934630","Commscope_23:24:6c","Broadcast","802.11","287","0 dBm"
"976","2.041890","Commscope_23:24:6c","Broadcast","802.11","287","-21 dBm"
"1017","2.144110","Commscope_23:24:6c","Broadcast","802.11","287","-22 dBm"
"1056","2.249057","Commscope_23:24:6c","Broadcast","802.11","287","-21 dBm"
"1104","2.348432","Commscope_23:24:6c","Broadcast","802.11","287","-22 dBm"
"1151","2.451965","Commscope_23:24:6c","Broadcast","802.11","287","-23 dBm"
"1196","2.556126","Commscope_23:24:6c","Broadcast","802.11","287","-21 dBm"
"1235","2.650676","Commscope_23:24:6c","Broadcast","802.11","287","-21 dBm"
"1282","2.759291","Commscope_23:24:6c","Broadcast","802.11","287","-21 dBm"
"1304","2.822532","Commscope_23:24:6c","VantivaUSA_c4:3e:1a","802.11","387","-21 dBm"
"1305","2.824018","Commscope_23:24:6c","VantivaUSA_c4:3e:1a","802.11","387","-21 dBm"
"1306","2.824022","Commscope_23:24:6c","VantivaUSA_c4:3e:1a","802.11","387","-22 dBm"
"1319","2.855560","Commscope_23:24:6c","Broadcast","802.11","287","0 dBm"
"1355","2.960480","Commscope_23:24:6c","Broadcast","802.11","287","-21 dBm"
"1386","3.058513","Commscope_23:24:6c","1e:da:5d:b7:96:98","802.11","387","-22 dBm"
"1392","3.061619","Commscope_23:24:6c","Broadcast","802.11","287","-21 dBm"
"1401","3.078425","Commscope_23:24:6c","1e:da:5d:b7:96:98","802.11","387","-21 dBm"
"1438","3.162803","Commscope_23:24:6c","Broadcast","802.11","287","-21 dBm"
"1476","3.265684","Commscope_23:24:6c","Broadcast","802.11","287","-21 dBm"
"1493","3.329977","Commscope_23:24:6c","VantivaUSA_e6:e2:80","802.11","387","-22 dBm"
"1494","3.331084","Commscope_23:24:6c","VantivaUSA_e6:e2:80","802.11","387","-21 dBm"
"1495","3.332606","Commscope_23:24:6c","VantivaUSA_e6:e2:80","802.11","387","-22 dBm"
"1496","3.332609","Commscope_23:24:6c","VantivaUSA_e6:e2:80","802.11","387","-21 dBm"
"1511","3.345324","Commscope_23:24:6c","VantivaUSA_e6:e2:80","802.11","387","-22 dBm"
"1513","3.345479","Commscope_23:24:6c","VantivaUSA_e6:e2:80","802.11","387","-21 dBm"
"1514","3.346673","Commscope_23:24:6c","VantivaUSA_e6:e2:80","802.11","387","-21 dBm"
"1515","3.346675","Commscope_23:24:6c","VantivaUSA_e6:e2:80","802.11","387","-22 dBm"
"1523","3.373645","Commscope_23:24:6c","Broadcast","802.11","287","-21 dBm"
"1549","3.476790","Commscope_23:24:6c","Broadcast","802.11","287","-20 dBm"
"1587","3.577553","Commscope_23:24:6c","Broadcast","802.11","287","-22 dBm"
"1623","3.685009","Commscope_23:24:6c","Broadcast","802.11","287","-21 dBm"
"1690","3.881614","Commscope_23:24:6c","Broadcast","802.11","287","-23 dBm"
"1726","3.984752","Commscope_23:24:6c","Broadcast","802.11","287","-21 dBm"
"1752","4.039896","Commscope_23:24:6c","VantivaUSA_21:c1:b7","802.11","387","-22 dBm"
"1753","4.039901","Commscope_23:24:6c","VantivaUSA_21:c1:b7","802.11","387","-21 dBm"
"1754","4.041125","Commscope_23:24:6c","VantivaUSA_21:c1:b7","802.11","387","-21 dBm"
"1756","4.042572","Commscope_23:24:6c","VantivaUSA_21:c1:b7","802.11","387","-21 dBm"
"1766","4.068203","Commscope_23:24:6c","VantivaUSA_80:25:f0","802.11","387","-22 dBm"
"1767","4.068207","Commscope_23:24:6c","VantivaUSA_80:25:f0","802.11","387","-21 dBm"
"1768","4.069535","Commscope_23:24:6c","VantivaUSA_80:25:f0","802.11","387","-21 dBm"
"1769","4.069538","Commscope_23:24:6c","VantivaUSA_80:25:f0","802.11","387","-21 dBm"
"1776","4.086904","Commscope_23:24:6c","Broadcast","802.11","287","-22 dBm"
"1808","4.188491","Commscope_23:24:6c","Broadcast","802.11","287","-21 dBm"
"1834","4.253537","Commscope_23:24:6c","VantivaUSA_3c:54:73","802.11","387","-23 dBm"
"1835","4.254390","Commscope_23:24:6c","VantivaUSA_3c:54:73","802.11","387","-21 dBm"
"1836","4.259551","Commscope_23:24:6c","VantivaUSA_3c:54:73","802.11","387","-20 dBm"
"1837","4.259558","Commscope_23:24:6c","VantivaUSA_3c:54:73","802.11","387","-22 dBm"
"1848","4.294693","Commscope_23:24:6c","Broadcast","802.11","287","-23 dBm"
"1864","4.360632","Commscope_23:24:6c","VantivaUSA_b8:2c:66","802.11","387","0 dBm"
"1882","4.392174","Commscope_23:24:6c","Broadcast","802.11","287","-23 dBm"
"1920","4.497678","Commscope_23:24:6c","Broadcast","802.11","287","-21 dBm"
"1934","4.515648","Commscope_23:24:6c","VantivaUSA_bb:04:d1","802.11","387","-22 dBm"
"1935","4.515653","Commscope_23:24:6c","VantivaUSA_bb:04:d1","802.11","387","-21 dBm"
"1936","4.516985","Commscope_23:24:6c","VantivaUSA_bb:04:d1","802.11","387","-21 dBm"
"1937","4.516990","Commscope_23:24:6c","VantivaUSA_bb:04:d1","802.11","387","-21 dBm"
"2017","4.699565","Commscope_23:24:6c","Broadcast","802.11","287","-21 dBm"
"2054","4.810560","Commscope_23:24:6c","Broadcast","802.11","287","-23 dBm"
"2066","4.826918","Commscope_23:24:6c","VantivaUSA_ac:69:7e","802.11","387","-23 dBm"
"2067","4.828059","Commscope_23:24:6c","VantivaUSA_ac:69:7e","802.11","387","-21 dBm"
"2068","4.829755","Commscope_23:24:6c","VantivaUSA_ac:69:7e","802.11","387","-21 dBm"
"2069","4.829759","Commscope_23:24:6c","VantivaUSA_ac:69:7e","802.11","387","-21 dBm"
"2092","4.906925","Commscope_23:24:6c","Broadcast","802.11","287","-22 dBm"
"2115","4.973422","Commscope_23:24:6c","VantivaUSA_3f:b1:bd","802.11","387","-22 dBm"
"2116","4.973429","Commscope_23:24:6c","VantivaUSA_3f:b1:bd","802.11","387","-22 dBm"
"2117","4.973433","Commscope_23:24:6c","VantivaUSA_3f:b1:bd","802.11","387","-22 dBm"
"2118","4.974646","Commscope_23:24:6c","VantivaUSA_3f:b1:bd","802.11","387","-24 dBm"
"2140","4.997809","Commscope_23:24:6c","VantivaUSA_3f:b1:bd","802.11","387","-21 dBm"
"2141","4.997814","Commscope_23:24:6c","VantivaUSA_3f:b1:bd","802.11","387","-22 dBm"
"2142","4.998979","Commscope_23:24:6c","VantivaUSA_3f:b1:bd","802.11","387","-22 dBm"
"2143","5.000674","Commscope_23:24:6c","VantivaUSA_3f:b1:bd","802.11","387","-23 dBm"
"2150","5.008537","Commscope_23:24:6c","Broadcast","802.11","287","-21 dBm"
"2178","5.114572","Commscope_23:24:6c","Broadcast","802.11","287","-21 dBm"
"2216","5.208049","Commscope_23:24:6c","VantivaUSA_eb:46:50","802.11","387","-22 dBm"
"2218","5.209398","Commscope_23:24:6c","VantivaUSA_eb:46:50","802.11","387","-23 dBm"
"2219","5.209403","Commscope_23:24:6c","VantivaUSA_eb:46:50","802.11","387","-23 dBm"
"2220","5.210581","Commscope_23:24:6c","VantivaUSA_eb:46:50","802.11","387","-22 dBm"
"2221","5.210584","Commscope_23:24:6c","Broadcast","802.11","287","-22 dBm"
"2248","5.313116","Commscope_23:24:6c","Broadcast","802.11","287","-23 dBm"
"2289","5.415945","Commscope_23:24:6c","Broadcast","802.11","287","-23 dBm"
"2323","5.517978","Commscope_23:24:6c","Broadcast","802.11","287","-21 dBm"
"2354","5.624776","Commscope_23:24:6c","Broadcast","802.11","287","-22 dBm"
"2392","5.724802","Commscope_23:24:6c","Broadcast","802.11","287","-23 dBm"
"2428","5.825146","Commscope_23:24:6c","Broadcast","802.11","287","-22 dBm"
"2460","5.927323","Commscope_23:24:6c","Broadcast","802.11","287","-23 dBm"
"2499","6.032512","Commscope_23:24:6c","Broadcast","802.11","287","-21 dBm"
"2533","6.137546","Commscope_23:24:6c","Broadcast","802.11","287","-22 dBm"
"2574","6.234912","Commscope_23:24:6c","Broadcast","802.11","287","-23 dBm"
"2616","6.340575","Commscope_23:24:6c","Broadcast","802.11","287","-23 dBm"
"2644","6.444002","Commscope_23:24:6c","Broadcast","802.11","287","-22 dBm"
"2685","6.544316","Commscope_23:24:6c","Broadcast","802.11","287","-21 dBm"
"2715","6.658967","Commscope_23:24:6c","Broadcast","802.11","287","-23 dBm"
"2747","6.747237","Commscope_23:24:6c","Broadcast","802.11","287","-22 dBm"
"2784","6.854828","Commscope_23:24:6c","Broadcast","802.11","287","-21 dBm"
"2832","6.951356","Commscope_23:24:6c","Broadcast","802.11","287","-21 dBm"
"2869","7.054817","Commscope_23:24:6c","Commscope_71:86:02","802.11","387","-21 dBm"
"2870","7.054826","Commscope_23:24:6c","Commscope_71:86:02","802.11","387","-20 dBm"
"2871","7.054830","Commscope_23:24:6c","Commscope_71:86:02","802.11","387","-22 dBm"
"2873","7.054852","Commscope_23:24:6c","Broadcast","802.11","287","-22 dBm"
"2901","7.162320","Commscope_23:24:6c","Broadcast","802.11","287","-22 dBm"
"2938","7.264789","Commscope_23:24:6c","Broadcast","802.11","287","-21 dBm"
"2976","7.361155","Commscope_23:24:6c","Broadcast","802.11","287","-21 dBm"
"3010","7.466436","Commscope_23:24:6c","Broadcast","802.11","287","-21 dBm"
"3042","7.569464","Commscope_23:24:6c","Broadcast","802.11","287","-21 dBm"
"3072","7.684175","Commscope_23:24:6c","Broadcast","802.11","287","-22 dBm"
"3114","7.773343","Commscope_23:24:6c","Broadcast","802.11","287","-21 dBm"
"3184","7.876317","Commscope_23:24:6c","Broadcast","802.11","287","-22 dBm"
"3260","7.981788","Commscope_23:24:6c","Broadcast","802.11","287","-22 dBm"
"3323","8.078058","Commscope_23:24:6c","Broadcast","802.11","287","-23 dBm"
"3349","8.124479","Commscope_23:24:6c","VantivaUSA_da:e6:14","802.11","387","-23 dBm"
"3351","8.124489","Commscope_23:24:6c","VantivaUSA_da:e6:14","802.11","387","-23 dBm"
"3352","8.124493","Commscope_23:24:6c","VantivaUSA_da:e6:14","802.11","387","-22 dBm"
"3355","8.124573","Commscope_23:24:6c","VantivaUSA_da:e6:14","802.11","387","-22 dBm"
"3380","8.186519","Commscope_23:24:6c","Broadcast","802.11","287","-22 dBm"
"3505","8.391245","Commscope_23:24:6c","Broadcast","802.11","287","-21 dBm"
"3529","8.493701","Commscope_23:24:6c","Broadcast","802.11","287","-21 dBm"
"3576","8.596010","Commscope_23:24:6c","Broadcast","802.11","287","-22 dBm"
"3607","8.694974","Commscope_23:24:6c","Broadcast","802.11","287","-23 dBm"
"3686","8.902301","Commscope_23:24:6c","Broadcast","802.11","287","-22 dBm"
"3724","8.999568","Commscope_23:24:6c","Broadcast","802.11","287","-21 dBm"
"3780","9.108043","Commscope_23:24:6c","Broadcast","802.11","287","-22 dBm"
"3851","9.313352","Commscope_23:24:6c","Broadcast","802.11","287","-23 dBm"
"3872","9.414682","Commscope_23:24:6c","Broadcast","802.11","287","-21 dBm"
"3940","9.619580","Commscope_23:24:6c","Broadcast","802.11","287","-22 dBm"
"3977","9.723831","Commscope_23:24:6c","Broadcast","802.11","287","-23 dBm"
"4019","9.822187","Commscope_23:24:6c","Broadcast","802.11","287","-24 dBm"
"4056","9.927156","Commscope_23:24:6c","Broadcast","802.11","287","-22 dBm"
"4097","10.025043","Commscope_23:24:6c","Broadcast","802.11","287","-24 dBm"
"4134","10.127724","Commscope_23:24:6c","Broadcast","802.11","287","-24 dBm"
"4172","10.228074","Commscope_23:24:6c","Broadcast","802.11","287","-22 dBm"
"4194","10.291605","Commscope_23:24:6c","VantivaUSA_c5:dd:3d","802.11","387","-24 dBm"
"4195","10.291608","Commscope_23:24:6c","VantivaUSA_c5:dd:3d","802.11","387","-22 dBm"
"4196","10.292689","Commscope_23:24:6c","VantivaUSA_c5:dd:3d","802.11","387","-23 dBm"
"4197","10.292988","Commscope_23:24:6c","VantivaUSA_c5:dd:3d","802.11","387","-23 dBm"
"4220","10.337209","Commscope_23:24:6c","Broadcast","802.11","287","-23 dBm"
"4250","10.434498","Commscope_23:24:6c","Broadcast","802.11","287","-24 dBm"
"4288","10.540825","Commscope_23:24:6c","Broadcast","802.11","287","-25 dBm"
"4325","10.638245","Commscope_23:24:6c","Broadcast","802.11","287","-24 dBm"
"4343","10.741691","Commscope_23:24:6c","Broadcast","802.11","287","-24 dBm"
"4374","10.844388","Commscope_23:24:6c","Broadcast","802.11","287","-26 dBm"
"4401","10.945223","Commscope_23:24:6c","Broadcast","802.11","287","-25 dBm"
"4442","11.047683","Commscope_23:24:6c","Broadcast","802.11","287","-23 dBm"
"4465","11.152410","Commscope_23:24:6c","Broadcast","802.11","287","-25 dBm"
"4498","11.253009","Commscope_23:24:6c","Broadcast","802.11","287","-23 dBm"
"4499","11.255460","Commscope_23:24:6c","NestLabs_90:13:f4","802.11","387","-23 dBm"
"4500","11.255784","Commscope_23:24:6c","NestLabs_90:13:f4","802.11","387","-24 dBm"
"4501","11.255791","Commscope_23:24:6c","NestLabs_90:13:f4","802.11","387","-25 dBm"
"4516","11.305663","Commscope_23:24:6c","NestLabs_90:13:f4","802.11","387","-22 dBm"
"4517","11.306266","Commscope_23:24:6c","NestLabs_90:13:f4","802.11","387","-24 dBm"
"4518","11.306269","Commscope_23:24:6c","NestLabs_90:13:f4","802.11","387","-23 dBm"
"4519","11.306273","Commscope_23:24:6c","NestLabs_90:13:f4","802.11","387","-23 dBm"
"4534","11.354926","Commscope_23:24:6c","Broadcast","802.11","287","0 dBm"
"4535","11.362332","Commscope_23:24:6c","NestLabs_90:13:f4","802.11","387","0 dBm"
"4536","11.362338","Commscope_23:24:6c","NestLabs_90:13:f4","802.11","387","0 dBm"
"4622","11.564194","Commscope_23:24:6c","Broadcast","802.11","287","-22 dBm"
"4660","11.662142","Commscope_23:24:6c","Broadcast","802.11","287","-22 dBm"
"4690","11.764853","Commscope_23:24:6c","Broadcast","802.11","287","-23 dBm"
"4734","11.871804","Commscope_23:24:6c","Broadcast","802.11","287","-23 dBm"
"4774","11.970085","Commscope_23:24:6c","Broadcast","802.11","287","-24 dBm"
"4811","12.074209","Commscope_23:24:6c","Broadcast","802.11","287","-23 dBm"
"4850","12.181130","Commscope_23:24:6c","Broadcast","802.11","287","-23 dBm"
"4940","12.481168","Commscope_23:24:6c","Broadcast","802.11","287","-24 dBm"
"4962","12.588851","Commscope_23:24:6c","Broadcast","802.11","287","-24 dBm"
"4974","12.610339","Commscope_23:24:6c","VantivaUSA_c4:3e:1a","802.11","387","-24 dBm"
"4975","12.611584","Commscope_23:24:6c","VantivaUSA_c4:3e:1a","802.11","387","-23 dBm"
"4976","12.613096","Commscope_23:24:6c","VantivaUSA_c4:3e:1a","802.11","387","-22 dBm"
"4977","12.613101","Commscope_23:24:6c","VantivaUSA_c4:3e:1a","802.11","387","-23 dBm"
"5026","12.788478","Commscope_23:24:6c","Broadcast","802.11","287","-23 dBm"
"5070","12.891807","Commscope_23:24:6c","Broadcast","802.11","287","-24 dBm"
"5108","12.993558","Commscope_23:24:6c","Broadcast","802.11","287","-23 dBm"
"5148","13.099913","Commscope_23:24:6c","Broadcast","802.11","287","-24 dBm"
"5193","13.198290","Commscope_23:24:6c","Broadcast","802.11","287","-23 dBm"
"5239","13.300561","Commscope_23:24:6c","Broadcast","802.11","287","-24 dBm"
"5254","13.343750","Commscope_23:24:6c","VantivaUSA_e6:e2:80","802.11","387","-24 dBm"
"5255","13.343755","Commscope_23:24:6c","VantivaUSA_e6:e2:80","802.11","387","-24 dBm"
"5256","13.343759","Commscope_23:24:6c","VantivaUSA_e6:e2:80","802.11","387","-24 dBm"
"5257","13.344763","Commscope_23:24:6c","VantivaUSA_e6:e2:80","802.11","387","-24 dBm"
"5282","13.409049","Commscope_23:24:6c","Broadcast","802.11","287","-23 dBm"
"5321","13.505370","Commscope_23:24:6c","Broadcast","802.11","287","-25 dBm"
"5357","13.609026","Commscope_23:24:6c","Broadcast","802.11","287","-23 dBm"
"5383","13.715001","Commscope_23:24:6c","Broadcast","802.11","287","-22 dBm"
"5417","13.812628","Commscope_23:24:6c","Broadcast","802.11","287","-21 dBm"
"5439","13.884636","Commscope_23:24:6c","VantivaUSA_fe:94:cd","802.11","387","-21 dBm"
"5440","13.885978","Commscope_23:24:6c","VantivaUSA_fe:94:cd","802.11","387","-21 dBm"
"5441","13.885980","Commscope_23:24:6c","VantivaUSA_fe:94:cd","802.11","387","-21 dBm"
"5442","13.888289","Commscope_23:24:6c","VantivaUSA_fe:94:cd","802.11","387","-21 dBm"
"5458","13.918955","Commscope_23:24:6c","Broadcast","802.11","287","-22 dBm"
"5487","14.022158","Commscope_23:24:6c","Broadcast","802.11","287","-25 dBm"
"5502","14.063010","Commscope_23:24:6c","VantivaUSA_21:c1:b7","802.11","387","-24 dBm"
"5503","14.063016","Commscope_23:24:6c","VantivaUSA_21:c1:b7","802.11","387","-25 dBm"
"5504","14.063020","Commscope_23:24:6c","VantivaUSA_21:c1:b7","802.11","387","-25 dBm"
"5505","14.063025","Commscope_23:24:6c","VantivaUSA_21:c1:b7","802.11","387","-24 dBm"
"5535","14.143916","Commscope_23:24:6c","Broadcast","802.11","287","-23 dBm"
"5565","14.222259","Commscope_23:24:6c","Broadcast","802.11","287","-24 dBm"
"5601","14.326932","Commscope_23:24:6c","Broadcast","802.11","287","-24 dBm"
"5633","14.426912","Commscope_23:24:6c","Broadcast","802.11","287","-23 dBm"
"5672","14.531887","Commscope_23:24:6c","Broadcast","802.11","287","-21 dBm"
"5749","14.734464","Commscope_23:24:6c","Broadcast","802.11","287","-22 dBm"
"5790","14.839069","Commscope_23:24:6c","Broadcast","802.11","287","-21 dBm"
"5792","14.841720","Commscope_23:24:6c","VantivaUSA_d0:97:64","802.11","387","-23 dBm"
"5793","14.841724","Commscope_23:24:6c","VantivaUSA_d0:97:64","802.11","387","-24 dBm"
"5824","14.945203","Commscope_23:24:6c","Broadcast","802.11","287","-25 dBm"
"5856","15.047604","Commscope_23:24:6c","Broadcast","802.11","287","-26 dBm"
"5887","15.150906","Commscope_23:24:6c","Broadcast","802.11","287","-30 dBm"
"5926","15.248092","Commscope_23:24:6c","Broadcast","802.11","287","-25 dBm"
"5981","15.349558","Commscope_23:24:6c","Broadcast","802.11","287","-24 dBm"
"6014","15.452174","Commscope_23:24:6c","Broadcast","802.11","287","-25 dBm"
"6042","15.553964","Commscope_23:24:6c","Broadcast","802.11","287","-23 dBm"
"6063","15.656477","Commscope_23:24:6c","Broadcast","802.11","287","-24 dBm"
"6132","15.757942","Commscope_23:24:6c","Broadcast","802.11","287","-25 dBm"
"6186","15.861733","Commscope_23:24:6c","Broadcast","802.11","287","-25 dBm"
"6223","15.968644","Commscope_23:24:6c","Broadcast","802.11","287","-25 dBm"
"6300","16.071915","Commscope_23:24:6c","Broadcast","802.11","287","-27 dBm"
"6369","16.171699","Commscope_23:24:6c","Broadcast","802.11","287","-27 dBm"
"6421","16.271884","Commscope_23:24:6c","Broadcast","802.11","287","-25 dBm"
"6484","16.374247","Commscope_23:24:6c","Broadcast","802.11","287","-26 dBm"
"6529","16.477110","Commscope_23:24:6c","Broadcast","802.11","287","-26 dBm"
"6570","16.578452","Commscope_23:24:6c","Broadcast","802.11","287","-25 dBm"
"6597","16.680875","Commscope_23:24:6c","Broadcast","802.11","287","-24 dBm"
"6631","16.783647","Commscope_23:24:6c","Broadcast","802.11","287","-25 dBm"
"6665","16.890382","Commscope_23:24:6c","Broadcast","802.11","287","-25 dBm"
"6705","16.989120","Commscope_23:24:6c","Broadcast","802.11","287","-25 dBm"
"6744","17.089805","Commscope_23:24:6c","Broadcast","802.11","287","-25 dBm"
"6745","17.089807","Commscope_23:24:6c","Commscope_71:86:02","802.11","387","-24 dBm"
"6746","17.091402","Commscope_23:24:6c","Commscope_71:86:02","802.11","387","-24 dBm"
"6747","17.091405","Commscope_23:24:6c","Commscope_71:86:02","802.11","387","-25 dBm"
"6749","17.092578","Commscope_23:24:6c","Commscope_71:86:02","802.11","387","-24 dBm"
"6793","17.194930","Commscope_23:24:6c","Broadcast","802.11","287","-24 dBm"
"6822","17.293790","Commscope_23:24:6c","Broadcast","802.11","287","-24 dBm"
"6842","17.396518","Commscope_23:24:6c","Broadcast","802.11","287","-24 dBm"
"6876","17.500528","Commscope_23:24:6c","Broadcast","802.11","287","-24 dBm"
"6913","17.601460","Commscope_23:24:6c","Broadcast","802.11","287","-24 dBm"
"7258","18.628108","Commscope_23:24:6c","Broadcast","802.11","287","-26 dBm"
"7291","18.730840","Commscope_23:24:6c","Broadcast","802.11","287","-26 dBm"
"7318","18.833248","Commscope_23:24:6c","Broadcast","802.11","287","-26 dBm"
"7359","18.938469","Commscope_23:24:6c","Broadcast","802.11","287","-26 dBm"
"7411","19.040863","Commscope_23:24:6c","Broadcast","802.11","287","-24 dBm"
"7475","19.139629","Commscope_23:24:6c","Broadcast","802.11","287","-24 dBm"
"7514","19.242067","Commscope_23:24:6c","Broadcast","802.11","287","-22 dBm"
"7548","19.342063","Commscope_23:24:6c","Broadcast","802.11","287","-25 dBm"
"7580","19.447537","Commscope_23:24:6c","Broadcast","802.11","287","-25 dBm"
"7609","19.546855","Commscope_23:24:6c","Broadcast","802.11","287","-25 dBm"
"7647","19.651529","Commscope_23:24:6c","Broadcast","802.11","287","-27 dBm"
"7686","19.752302","Commscope_23:24:6c","Broadcast","802.11","287","-27 dBm"
"7707","19.830713","Commscope_23:24:6c","26:4d:2a:4d:b1:26","802.11","387","-27 dBm"
"7710","19.836793","Commscope_23:24:6c","26:4d:2a:4d:b1:26","802.11","387","-27 dBm"
"7712","19.836801","Commscope_23:24:6c","26:4d:2a:4d:b1:26","802.11","387","-27 dBm"
"7727","19.858888","Commscope_23:24:6c","Broadcast","802.11","287","-27 dBm"
"7765","19.959012","Commscope_23:24:6c","Broadcast","802.11","287","-26 dBm"
"7796","20.060473","Commscope_23:24:6c","Broadcast","802.11","287","-26 dBm"
"7837","20.164511","Commscope_23:24:6c","Broadcast","802.11","287","-26 dBm"
"7842","20.176187","Commscope_23:24:6c","VantivaUSA_48:68:c1","802.11","387","-26 dBm"
"7843","20.177352","Commscope_23:24:6c","VantivaUSA_48:68:c1","802.11","387","-26 dBm"
"7844","20.185956","Commscope_23:24:6c","VantivaUSA_48:68:c1","802.11","387","-26 dBm"
"7875","20.269872","Commscope_23:24:6c","Broadcast","802.11","287","-27 dBm"
"7923","20.372487","Commscope_23:24:6c","Broadcast","802.11","287","-28 dBm"
"7959","20.469974","Commscope_23:24:6c","Broadcast","802.11","287","-26 dBm"
"7999","20.573429","Commscope_23:24:6c","Broadcast","802.11","287","-26 dBm"
"8036","20.674234","Commscope_23:24:6c","Broadcast","802.11","287","-28 dBm"
"8067","20.778070","Commscope_23:24:6c","Broadcast","802.11","287","-28 dBm"
"8109","20.880514","Commscope_23:24:6c","Broadcast","802.11","287","-27 dBm"
"8138","20.985508","Commscope_23:24:6c","Broadcast","802.11","287","-28 dBm"
"8174","21.082554","Commscope_23:24:6c","Broadcast","802.11","287","-28 dBm"
"8198","21.193161","Commscope_23:24:6c","Broadcast","802.11","287","-30 dBm"
"8257","21.292860","Commscope_23:24:6c","Broadcast","802.11","287","-27 dBm"
"8296","21.391441","Commscope_23:24:6c","Broadcast","802.11","287","-28 dBm"
"8329","21.503263","Commscope_23:24:6c","Broadcast","802.11","287","-28 dBm"
"8367","21.596697","Commscope_23:24:6c","Broadcast","802.11","287","-27 dBm"
"8392","21.714056","Commscope_23:24:6c","Broadcast","802.11","287","-28 dBm"
"8417","21.801284","Commscope_23:24:6c","Broadcast","802.11","287","-29 dBm"
"8464","21.909063","Commscope_23:24:6c","Broadcast","802.11","287","-30 dBm"
"8495","22.006053","Commscope_23:24:6c","Broadcast","802.11","287","-28 dBm"
"8533","22.108460","Commscope_23:24:6c","Broadcast","802.11","287","-28 dBm"
"8568","22.211490","Commscope_23:24:6c","Broadcast","802.11","287","-28 dBm"
"8602","22.318284","Commscope_23:24:6c","Broadcast","802.11","287","-29 dBm"
"8641","22.417064","Commscope_23:24:6c","Broadcast","802.11","287","-28 dBm"
"8659","22.480454","Commscope_23:24:6c","VantivaUSA_da:dd:a1","802.11","387","-28 dBm"
"8660","22.480472","Commscope_23:24:6c","VantivaUSA_da:dd:a1","802.11","387","-29 dBm"
"8661","22.480476","Commscope_23:24:6c","VantivaUSA_da:dd:a1","802.11","387","-30 dBm"
"8662","22.481170","Commscope_23:24:6c","VantivaUSA_da:dd:a1","802.11","387","-27 dBm"
"8666","22.490119","Commscope_23:24:6c","VantivaUSA_da:dd:a1","802.11","387","-29 dBm"
"8667","22.490124","Commscope_23:24:6c","VantivaUSA_da:dd:a1","802.11","387","-30 dBm"
"8669","22.490132","Commscope_23:24:6c","VantivaUSA_da:dd:a1","802.11","387","-29 dBm"
"8682","22.522905","Commscope_23:24:6c","Broadcast","802.11","287","-30 dBm"
"8723","22.621439","Commscope_23:24:6c","Broadcast","802.11","287","-28 dBm"
"8738","22.673099","Commscope_23:24:6c","5a:1a:76:8d:b3:de","802.11","387","-30 dBm"
"8739","22.673148","Commscope_23:24:6c","5a:1a:76:8d:b3:de","802.11","387","-30 dBm"
"8740","22.673785","Commscope_23:24:6c","5a:1a:76:8d:b3:de","802.11","387","-29 dBm"
"8741","22.673789","Commscope_23:24:6c","5a:1a:76:8d:b3:de","802.11","387","-27 dBm"
"8753","22.721282","Commscope_23:24:6c","Broadcast","802.11","287","-27 dBm"
"8780","22.822732","Commscope_23:24:6c","f2:bf:ab:98:6a:3e","802.11","387","-27 dBm"
"8794","22.845756","Commscope_23:24:6c","f2:bf:ab:98:6a:3e","802.11","387","0 dBm"
"8796","22.851152","Commscope_23:24:6c","f2:bf:ab:98:6a:3e","802.11","387","0 dBm"
"8819","22.926632","Commscope_23:24:6c","Broadcast","802.11","287","-27 dBm"
"8850","23.030099","Commscope_23:24:6c","Broadcast","802.11","287","-27 dBm"
"8886","23.124675","Commscope_23:24:6c","VantivaUSA_09:dd:04","802.11","387","-28 dBm"
"8887","23.124682","Commscope_23:24:6c","VantivaUSA_09:dd:04","802.11","387","-26 dBm"
"8888","23.124684","Commscope_23:24:6c","VantivaUSA_09:dd:04","802.11","387","-27 dBm"
"8889","23.124687","Commscope_23:24:6c","VantivaUSA_09:dd:04","802.11","387","-26 dBm"
"8898","23.134133","Commscope_23:24:6c","Broadcast","802.11","287","-27 dBm"
"8933","23.234630","Commscope_23:24:6c","Broadcast","802.11","287","-27 dBm"
"8965","23.337474","Commscope_23:24:6c","Broadcast","802.11","287","-29 dBm"
"8969","23.344097","Commscope_23:24:6c","VantivaUSA_e6:e2:80","802.11","387","-27 dBm"
"8970","23.345682","Commscope_23:24:6c","VantivaUSA_e6:e2:80","802.11","387","-27 dBm"
"8971","23.351955","Commscope_23:24:6c","VantivaUSA_e6:e2:80","802.11","387","-28 dBm"
"8972","23.351968","Commscope_23:24:6c","VantivaUSA_e6:e2:80","802.11","387","-28 dBm"
"9003","23.438213","Commscope_23:24:6c","Broadcast","802.11","287","-28 dBm"
"9025","23.546841","Commscope_23:24:6c","Broadcast","802.11","287","-28 dBm"
"9049","23.644795","Commscope_23:24:6c","Broadcast","802.11","287","-29 dBm"
"9082","23.751427","Commscope_23:24:6c","Broadcast","802.11","287","0 dBm"
"9101","23.850846","Commscope_23:24:6c","Broadcast","802.11","287","-27 dBm"
"9151","24.064393","Commscope_23:24:6c","Broadcast","802.11","287","-29 dBm"
"9153","24.076454","Commscope_23:24:6c","VantivaUSA_80:25:f0","802.11","387","-29 dBm"
"9155","24.076592","Commscope_23:24:6c","VantivaUSA_80:25:f0","802.11","387","-27 dBm"
"9156","24.076597","Commscope_23:24:6c","VantivaUSA_80:25:f0","802.11","387","-28 dBm"
"9157","24.077842","Commscope_23:24:6c","VantivaUSA_80:25:f0","802.11","387","-28 dBm"
"9177","24.154903","Commscope_23:24:6c","Broadcast","802.11","287","-28 dBm"
"9213","24.263447","Commscope_23:24:6c","Broadcast","802.11","287","-27 dBm"
"9247","24.362511","Commscope_23:24:6c","Broadcast","802.11","287","-27 dBm"
"9277","24.468302","Commscope_23:24:6c","Broadcast","802.11","287","-28 dBm"
"9306","24.568757","Commscope_23:24:6c","Broadcast","802.11","287","-28 dBm"
"9312","24.588484","Commscope_23:24:6c","VantivaUSA_bb:04:d1","802.11","387","-28 dBm"
"9313","24.590553","Commscope_23:24:6c","VantivaUSA_bb:04:d1","802.11","387","-27 dBm"
"9315","24.594913","Commscope_23:24:6c","VantivaUSA_bb:04:d1","802.11","387","-29 dBm"
"9316","24.594915","Commscope_23:24:6c","VantivaUSA_bb:04:d1","802.11","387","-28 dBm"
"9328","24.666664","Commscope_23:24:6c","Broadcast","802.11","287","-28 dBm"
"9362","24.769328","Commscope_23:24:6c","Broadcast","802.11","287","-27 dBm"
"9378","24.811836","Commscope_23:24:6c","VantivaUSA_f2:df:8c","802.11","387","-28 dBm"
"9380","24.811942","Commscope_23:24:6c","VantivaUSA_f2:df:8c","802.11","387","-28 dBm"
"9381","24.811952","Commscope_23:24:6c","VantivaUSA_f2:df:8c","802.11","387","-28 dBm"
"9382","24.813237","Commscope_23:24:6c","VantivaUSA_f2:df:8c","802.11","387","-28 dBm"
"9394","24.840639","Commscope_23:24:6c","VantivaUSA_ac:69:7e","802.11","387","-28 dBm"
"9395","24.842950","Commscope_23:24:6c","VantivaUSA_ac:69:7e","802.11","387","-28 dBm"
"9396","24.842954","Commscope_23:24:6c","VantivaUSA_ac:69:7e","802.11","387","-28 dBm"
"9397","24.844081","Commscope_23:24:6c","VantivaUSA_ac:69:7e","802.11","387","-28 dBm"
"9415","24.878899","Commscope_23:24:6c","Broadcast","802.11","287","-28 dBm"
"9447","24.978059","Commscope_23:24:6c","Broadcast","802.11","287","-27 dBm"
"9484","25.082636","Commscope_23:24:6c","Broadcast","802.11","287","-27 dBm"
"9521","25.182155","Commscope_23:24:6c","Broadcast","802.11","287","-27 dBm"
"9536","25.240445","Commscope_23:24:6c","0e:8f:75:7e:3f:32","802.11","387","0 dBm"
"9537","25.240448","Commscope_23:24:6c","0e:8f:75:7e:3f:32","802.11","387","0 dBm"
"9557","25.287443","Commscope_23:24:6c","Broadcast","802.11","287","-28 dBm"
"9596","25.391149","Commscope_23:24:6c","Broadcast","802.11","287","-27 dBm"
"9606","25.412202","Commscope_23:24:6c","4a:1e:5f:7d:7c:96","802.11","387","-27 dBm"
"9634","25.486104","Commscope_23:24:6c","Broadcast","802.11","287","-27 dBm"
"9678","25.593743","Commscope_23:24:6c","Broadcast","802.11","287","-27 dBm"
"9708","25.707481","Commscope_23:24:6c","Broadcast","802.11","287","-28 dBm"
"9740","25.794602","Commscope_23:24:6c","Broadcast","802.11","287","-28 dBm"
"9775","25.901816","Commscope_23:24:6c","Broadcast","802.11","287","-28 dBm"
"9817","26.002098","Commscope_23:24:6c","Broadcast","802.11","287","-26 dBm"
"9852","26.104784","Commscope_23:24:6c","Broadcast","802.11","287","-28 dBm"
"9893","26.205383","Commscope_23:24:6c","Broadcast","802.11","287","-28 dBm"
"9911","26.269092","Commscope_23:24:6c","NestLabs_90:13:f4","802.11","387","-26 dBm"
"9912","26.269099","Commscope_23:24:6c","NestLabs_90:13:f4","802.11","387","-26 dBm"
"9913","26.272019","Commscope_23:24:6c","NestLabs_90:13:f4","802.11","387","-28 dBm"
"9914","26.272128","Commscope_23:24:6c","NestLabs_90:13:f4","802.11","387","-26 dBm"
"9934","26.314279","Commscope_23:24:6c","Broadcast","802.11","287","-26 dBm"
"9952","26.348449","Commscope_23:24:6c","NestLabs_90:13:f4","802.11","387","-28 dBm"
"9953","26.350837","Commscope_23:24:6c","NestLabs_90:13:f4","802.11","387","-28 dBm"
"9954","26.350843","Commscope_23:24:6c","NestLabs_90:13:f4","802.11","387","-28 dBm"
"9975","26.421324","Commscope_23:24:6c","Broadcast","802.11","287","-26 dBm"
"10029","26.618862","Commscope_23:24:6c","Broadcast","802.11","287","-28 dBm"
"10065","26.717901","Commscope_23:24:6c","Broadcast","802.11","287","-28 dBm"
"10105","26.819519","Commscope_23:24:6c","Broadcast","802.11","287","-28 dBm"
"10150","26.921931","Commscope_23:24:6c","Broadcast","802.11","287","-26 dBm"
"10185","27.024147","Commscope_23:24:6c","Broadcast","802.11","287","-27 dBm"
"10224","27.128634","Commscope_23:24:6c","Broadcast","802.11","287","-28 dBm"
"10249","27.227728","Commscope_23:24:6c","Broadcast","802.11","287","-26 dBm"
"10280","27.333645","Commscope_23:24:6c","Broadcast","802.11","287","-26 dBm"
"10304","27.433869","Commscope_23:24:6c","Broadcast","802.11","287","-26 dBm"
"10333","27.535594","Commscope_23:24:6c","Broadcast","802.11","287","-28 dBm"
"10358","27.637979","Commscope_23:24:6c","Broadcast","802.11","287","-28 dBm"
"10390","27.766029","Commscope_23:24:6c","Broadcast","802.11","287","-24 dBm"
"10417","27.847620","Commscope_23:24:6c","Broadcast","802.11","287","-26 dBm"
"10457","27.943698","Commscope_23:24:6c","Broadcast","802.11","287","-26 dBm"
"10494","28.050274","Commscope_23:24:6c","Broadcast","802.11","287","-24 dBm"
"10512","28.108343","Commscope_23:24:6c","VantivaUSA_da:e6:14","802.11","387","-25 dBm"
"10514","28.108447","Commscope_23:24:6c","VantivaUSA_da:e6:14","802.11","387","-25 dBm"
"10515","28.108452","Commscope_23:24:6c","VantivaUSA_da:e6:14","802.11","387","-26 dBm"
"10516","28.109657","Commscope_23:24:6c","VantivaUSA_da:e6:14","802.11","387","-24 dBm"
"10524","28.119199","Commscope_23:24:6c","VantivaUSA_da:e6:14","802.11","387","-26 dBm"
"10525","28.119204","Commscope_23:24:6c","VantivaUSA_da:e6:14","802.11","387","-25 dBm"
"10526","28.119208","Commscope_23:24:6c","VantivaUSA_da:e6:14","802.11","387","-25 dBm"
"10528","28.121903","Commscope_23:24:6c","VantivaUSA_da:e6:14","802.11","387","-25 dBm"
"10545","28.150221","Commscope_23:24:6c","Broadcast","802.11","287","-27 dBm"
"10589","28.255760","Commscope_23:24:6c","Broadcast","802.11","287","0 dBm"
"10625","28.354741","Commscope_23:24:6c","Broadcast","802.11","287","-27 dBm"
"10658","28.460291","Commscope_23:24:6c","Broadcast","802.11","287","-27 dBm"
"10686","28.559591","Commscope_23:24:6c","Broadcast","802.11","287","-26 dBm"
"10730","28.662584","Commscope_23:24:6c","Broadcast","802.11","287","-31 dBm"
"10762","28.774114","Commscope_23:24:6c","Broadcast","802.11","287","-34 dBm"
"10790","28.866183","Commscope_23:24:6c","Broadcast","802.11","287","-31 dBm"
"10827","28.970175","Commscope_23:24:6c","Broadcast","802.11","287","-33 dBm"
"10862","29.072819","Commscope_23:24:6c","Broadcast","802.11","287","-33 dBm"
"10901","29.174369","Commscope_23:24:6c","Broadcast","802.11","287","-33 dBm"
"10943","29.277862","Commscope_23:24:6c","Broadcast","802.11","287","-30 dBm"
"10979","29.381616","Commscope_23:24:6c","Broadcast","802.11","287","-28 dBm"
"11017","29.481432","Commscope_23:24:6c","Broadcast","802.11","287","-31 dBm"
"11047","29.584130","Commscope_23:24:6c","Broadcast","802.11","287","-28 dBm"
"11075","29.687019","Commscope_23:24:6c","Broadcast","802.11","287","-27 dBm"
"11116","29.789091","Commscope_23:24:6c","Broadcast","802.11","287","-26 dBm"
"11153","29.892656","Commscope_23:24:6c","Broadcast","802.11","287","-37 dBm"
"11180","29.992569","Commscope_23:24:6c","Broadcast","802.11","287","-31 dBm"
"11241","30.196844","Commscope_23:24:6c","Broadcast","802.11","287","-33 dBm"
"11274","30.302993","Commscope_23:24:6c","Broadcast","802.11","287","-31 dBm"
"11317","30.407332","Commscope_23:24:6c","Broadcast","802.11","287","-28 dBm"
"11337","30.511924","Commscope_23:24:6c","Broadcast","802.11","287","-26 dBm"
"11352","30.607332","Commscope_23:24:6c","Broadcast","802.11","287","-27 dBm"
"11371","30.712231","Commscope_23:24:6c","Broadcast","802.11","287","-26 dBm"
"11407","30.816926","Commscope_23:24:6c","Broadcast","802.11","287","-27 dBm"
"11437","30.919447","Commscope_23:24:6c","Broadcast","802.11","287","-27 dBm"
"11469","31.015778","Commscope_23:24:6c","Broadcast","802.11","287","-29 dBm"
"11501","31.118128","Commscope_23:24:6c","Broadcast","802.11","287","-30 dBm"
"11535","31.221414","Commscope_23:24:6c","Broadcast","802.11","287","-27 dBm"
"11551","31.276791","Commscope_23:24:6c","NestLabs_90:13:f4","802.11","387","-28 dBm"
"11552","31.276794","Commscope_23:24:6c","NestLabs_90:13:f4","802.11","387","-27 dBm"
"11553","31.276887","Commscope_23:24:6c","NestLabs_90:13:f4","802.11","387","-28 dBm"
"11554","31.276891","Commscope_23:24:6c","NestLabs_90:13:f4","802.11","387","-28 dBm"
"11588","31.323236","Commscope_23:24:6c","Broadcast","802.11","287","-27 dBm"
"11598","31.346812","Commscope_23:24:6c","NestLabs_90:13:f4","802.11","387","-27 dBm"
"11599","31.346817","Commscope_23:24:6c","NestLabs_90:13:f4","802.11","387","-27 dBm"
"11600","31.347294","Commscope_23:24:6c","NestLabs_90:13:f4","802.11","387","-26 dBm"
"11603","31.349674","Commscope_23:24:6c","NestLabs_90:13:f4","802.11","387","-27 dBm"
"11627","31.430194","Commscope_23:24:6c","Broadcast","802.11","287","-28 dBm"
"11667","31.530414","Commscope_23:24:6c","Broadcast","802.11","287","-30 dBm"
"11703","31.634787","Commscope_23:24:6c","Broadcast","802.11","287","0 dBm"
"11732","31.739999","Commscope_23:24:6c","Broadcast","802.11","287","-29 dBm"
"11784","31.837388","Commscope_23:24:6c","Broadcast","802.11","287","-28 dBm"
"11827","31.937619","Commscope_23:24:6c","Broadcast","802.11","287","-28 dBm"
"11860","32.045622","Commscope_23:24:6c","Broadcast","802.11","287","-28 dBm"
"11896","32.146746","Commscope_23:24:6c","Broadcast","802.11","287","-26 dBm"
"11930","32.249734","Commscope_23:24:6c","Broadcast","802.11","287","-27 dBm"
"12012","32.457002","Commscope_23:24:6c","Broadcast","802.11","287","-27 dBm"
"12056","32.560227","Commscope_23:24:6c","Broadcast","802.11","287","-28 dBm"
"12097","32.654932","Commscope_23:24:6c","Broadcast","802.11","287","-27 dBm"
"12132","32.758225","Commscope_23:24:6c","Broadcast","802.11","287","-26 dBm"
"12181","32.859809","Commscope_23:24:6c","Broadcast","802.11","287","-26 dBm"
"12214","32.970847","Commscope_23:24:6c","Broadcast","802.11","287","-26 dBm"
"12250","33.064099","Commscope_23:24:6c","Broadcast","802.11","287","-26 dBm"
"12279","33.167215","Commscope_23:24:6c","Broadcast","802.11","287","-26 dBm"
"12316","33.273577","Commscope_23:24:6c","Broadcast","802.11","287","-26 dBm"
"12356","33.337427","Commscope_23:24:6c","VantivaUSA_e6:e2:80","802.11","387","-27 dBm"
"12357","33.337431","Commscope_23:24:6c","VantivaUSA_e6:e2:80","802.11","387","-26 dBm"
"12358","33.337437","Commscope_23:24:6c","VantivaUSA_e6:e2:80","802.11","387","-24 dBm"
"12359","33.338624","Commscope_23:24:6c","VantivaUSA_e6:e2:80","802.11","387","-26 dBm"
"12383","33.372621","Commscope_23:24:6c","Broadcast","802.11","287","-27 dBm"
"12414","33.473036","Commscope_23:24:6c","Broadcast","802.11","287","-27 dBm"
"12456","33.580526","Commscope_23:24:6c","Broadcast","802.11","287","-27 dBm"
"12516","33.784648","Commscope_23:24:6c","Broadcast","802.11","287","-27 dBm"
"12550","33.888622","Commscope_23:24:6c","Broadcast","802.11","287","-27 dBm"
"12552","33.888631","Commscope_23:24:6c","VantivaUSA_fe:94:cd","802.11","387","-27 dBm"
"12553","33.888635","Commscope_23:24:6c","VantivaUSA_fe:94:cd","802.11","387","-26 dBm"
"12554","33.888639","Commscope_23:24:6c","VantivaUSA_fe:94:cd","802.11","387","-27 dBm"
"12555","33.888643","Commscope_23:24:6c","VantivaUSA_fe:94:cd","802.11","387","-27 dBm"
"12590","33.987128","Commscope_23:24:6c","Broadcast","802.11","287","-27 dBm"
"12616","34.088336","Commscope_23:24:6c","Broadcast","802.11","287","-26 dBm"
"12629","34.118284","Commscope_23:24:6c","VantivaUSA_21:c1:b7","802.11","387","-27 dBm"
"12630","34.119140","Commscope_23:24:6c","VantivaUSA_21:c1:b7","802.11","387","-26 dBm"
"12633","34.124488","Commscope_23:24:6c","VantivaUSA_21:c1:b7","802.11","387","-26 dBm"
"12634","34.124492","Commscope_23:24:6c","VantivaUSA_21:c1:b7","802.11","387","-27 dBm"
"12658","34.199021","Commscope_23:24:6c","Broadcast","802.11","287","-27 dBm"
"12687","34.282674","Commscope_23:24:6c","Intel_d9:ae:54","802.11","387","-26 dBm"
"12688","34.284497","Commscope_23:24:6c","Intel_d9:ae:54","802.11","387","-27 dBm"
"12689","34.284501","Commscope_23:24:6c","Intel_d9:ae:54","802.11","387","-26 dBm"
"12707","34.293047","Commscope_23:24:6c","Broadcast","802.11","287","-27 dBm"
"12725","34.345951","Commscope_23:24:6c","Intel_d9:ae:54","802.11","387","-25 dBm"
"12755","34.401035","Commscope_23:24:6c","Broadcast","802.11","287","-27 dBm"
"12774","34.454785","Commscope_23:24:6c","VantivaUSA_34:38:0a","802.11","387","-27 dBm"
"12775","34.454812","Commscope_23:24:6c","VantivaUSA_34:38:0a","802.11","387","-27 dBm"
"12776","34.454817","Commscope_23:24:6c","VantivaUSA_34:38:0a","802.11","387","-27 dBm"
"12777","34.454822","Commscope_23:24:6c","VantivaUSA_34:38:0a","802.11","387","-26 dBm"
"12793","34.503465","Commscope_23:24:6c","Broadcast","802.11","287","-26 dBm"
"12822","34.605791","Commscope_23:24:6c","Broadcast","802.11","287","-26 dBm"
"12860","34.710776","Commscope_23:24:6c","Broadcast","802.11","287","-26 dBm"
"12896","34.812033","Commscope_23:24:6c","Broadcast","802.11","287","-26 dBm"
"12909","34.834398","Commscope_23:24:6c","VantivaUSA_d0:97:64","802.11","387","-26 dBm"
"12940","34.909670","Commscope_23:24:6c","Broadcast","802.11","287","-26 dBm"
"12978","35.011563","Commscope_23:24:6c","Broadcast","802.11","287","-27 dBm"
"13015","35.111427","Commscope_23:24:6c","Broadcast","802.11","287","-26 dBm"
"13051","35.220143","Commscope_23:24:6c","Broadcast","802.11","287","-26 dBm"
"13102","35.323281","Commscope_23:24:6c","Broadcast","802.11","287","-27 dBm"
"13135","35.419587","Commscope_23:24:6c","Broadcast","802.11","287","-27 dBm"
"13165","35.522881","Commscope_23:24:6c","Broadcast","802.11","287","-26 dBm"
"13194","35.624708","Commscope_23:24:6c","Broadcast","802.11","287","-27 dBm"
"13238","35.727067","Commscope_23:24:6c","Broadcast","802.11","287","-26 dBm"
"13274","35.828654","Commscope_23:24:6c","Broadcast","802.11","287","-26 dBm"
"13300","35.931397","Commscope_23:24:6c","Broadcast","802.11","287","-27 dBm"
"13331","36.036711","Commscope_23:24:6c","Broadcast","802.11","287","-26 dBm"
"13341","36.058437","Commscope_23:24:6c","4e:48:a2:38:af:af","802.11","387","-27 dBm"
"13353","36.071457","Commscope_23:24:6c","Commscope_71:86:02","802.11","387","-27 dBm"
"13354","36.071461","Commscope_23:24:6c","Commscope_71:86:02","802.11","387","-27 dBm"
"13355","36.071464","Commscope_23:24:6c","Commscope_71:86:02","802.11","387","-27 dBm"
"13356","36.072020","Commscope_23:24:6c","Commscope_71:86:02","802.11","387","-27 dBm"
"13363","36.078675","Commscope_23:24:6c","4e:48:a2:38:af:af","802.11","387","-27 dBm"
"13381","36.142740","Commscope_23:24:6c","Broadcast","802.11","287","-26 dBm"
"13414","36.238460","Commscope_23:24:6c","Broadcast","802.11","287","-26 dBm"
"13443","36.341591","Commscope_23:24:6c","Broadcast","802.11","287","-25 dBm"
"13496","36.549991","Commscope_23:24:6c","Broadcast","802.11","287","-26 dBm"
"13534","36.657844","Commscope_23:24:6c","Broadcast","802.11","287","-27 dBm"
"13553","36.734434","Commscope_23:24:6c","be:a5:6e:a7:e5:77","802.11","387","0 dBm"
"13554","36.734444","Commscope_23:24:6c","be:a5:6e:a7:e5:77","802.11","387","0 dBm"
"13557","36.754878","Commscope_23:24:6c","Broadcast","802.11","287","0 dBm"
"13586","36.852680","Commscope_23:24:6c","Broadcast","802.11","287","-27 dBm"
"13625","36.958545","Commscope_23:24:6c","Broadcast","802.11","287","-27 dBm"
"13655","37.057370","Commscope_23:24:6c","Broadcast","802.11","287","-27 dBm"
"13695","37.160645","Commscope_23:24:6c","Broadcast","802.11","287","-27 dBm"
"13727","37.268230","Commscope_23:24:6c","Broadcast","802.11","287","-27 dBm"
"13751","37.364635","Commscope_23:24:6c","Broadcast","802.11","287","-27 dBm"
"13777","37.467602","Commscope_23:24:6c","Broadcast","802.11","287","-27 dBm"
"13817","37.572118","Commscope_23:24:6c","Broadcast","802.11","287","-26 dBm"
"13844","37.686582","Commscope_23:24:6c","Broadcast","802.11","287","-26 dBm"
"13882","37.780307","Commscope_23:24:6c","Broadcast","802.11","287","-26 dBm"
"13912","37.882972","Commscope_23:24:6c","Broadcast","802.11","287","-26 dBm"
"13948","37.979013","Commscope_23:24:6c","Broadcast","802.11","287","-26 dBm"
"13983","38.084104","Commscope_23:24:6c","Broadcast","802.11","287","-26 dBm"
"14027","38.183774","Commscope_23:24:6c","Broadcast","802.11","287","-25 dBm"
"14062","38.286426","Commscope_23:24:6c","Broadcast","802.11","287","-25 dBm"
"14098","38.389516","Commscope_23:24:6c","Broadcast","802.11","287","-26 dBm"
"14132","38.493190","Commscope_23:24:6c","Broadcast","802.11","287","-26 dBm"
"14157","38.593424","Commscope_23:24:6c","Broadcast","802.11","287","-27 dBm"
"14197","38.696938","Commscope_23:24:6c","Broadcast","802.11","287","-27 dBm"
"14229","38.804498","Commscope_23:24:6c","Broadcast","802.11","287","-27 dBm"
"14271","38.908710","Commscope_23:24:6c","Broadcast","802.11","287","-27 dBm"
"14308","39.004820","Commscope_23:24:6c","Broadcast","802.11","287","-27 dBm"
"14314","39.018681","Commscope_23:24:6c","b6:61:7c:ff:a2:c7","802.11","387","-26 dBm"
"14326","39.044527","Commscope_23:24:6c","b6:61:7c:ff:a2:c7","802.11","387","0 dBm"
"14350","39.107806","Commscope_23:24:6c","Broadcast","802.11","287","-27 dBm"
"14378","39.216210","Commscope_23:24:6c","Broadcast","802.11","287","-26 dBm"
"14418","39.312226","Commscope_23:24:6c","Broadcast","802.11","287","-26 dBm"
"14461","39.414368","Commscope_23:24:6c","Broadcast","802.11","287","-25 dBm"
"14494","39.515004","Commscope_23:24:6c","Broadcast","802.11","287","-25 dBm"
"14513","39.552191","Commscope_23:24:6c","fa:a5:15:44:9c:16","802.11","387","-25 dBm"
"14514","39.552197","Commscope_23:24:6c","fa:a5:15:44:9c:16","802.11","387","-25 dBm"
"14558","39.618590","Commscope_23:24:6c","Broadcast","802.11","287","-25 dBm"
"14630","39.824108","Commscope_23:24:6c","Broadcast","802.11","287","-25 dBm"
"14680","39.929945","Commscope_23:24:6c","Broadcast","802.11","287","-25 dBm"
"14719","40.028781","Commscope_23:24:6c","Broadcast","802.11","287","-25 dBm"
"14754","40.133920","Commscope_23:24:6c","Broadcast","802.11","287","-25 dBm"
"14794","40.236120","Commscope_23:24:6c","Broadcast","802.11","287","-26 dBm"
"14835","40.334170","Commscope_23:24:6c","Broadcast","802.11","287","-25 dBm"
"14875","40.437822","Commscope_23:24:6c","Broadcast","802.11","287","-25 dBm"
"14916","40.543725","Commscope_23:24:6c","Broadcast","802.11","287","-26 dBm"
"14950","40.646257","Commscope_23:24:6c","Broadcast","802.11","287","-26 dBm"
"14989","40.750689","Commscope_23:24:6c","Broadcast","802.11","287","-25 dBm"
"15022","40.847839","Commscope_23:24:6c","Broadcast","802.11","287","-25 dBm"
"15060","40.948265","Commscope_23:24:6c","Broadcast","802.11","287","-25 dBm"
"15099","41.051086","Commscope_23:24:6c","Broadcast","802.11","287","-24 dBm"
"15136","41.157690","Commscope_23:24:6c","Broadcast","802.11","287","-24 dBm"
"15204","41.322884","Commscope_23:24:6c","NestLabs_90:13:f4","802.11","387","-24 dBm"
"15205","41.322888","Commscope_23:24:6c","NestLabs_90:13:f4","802.11","387","-24 dBm"
"15206","41.322894","Commscope_23:24:6c","NestLabs_90:13:f4","802.11","387","-23 dBm"
"15207","41.323263","Commscope_23:24:6c","NestLabs_90:13:f4","802.11","387","-24 dBm"
"15228","41.358324","Commscope_23:24:6c","NestLabs_90:13:f4","802.11","387","-24 dBm"
"15229","41.358328","Commscope_23:24:6c","NestLabs_90:13:f4","802.11","387","-24 dBm"
"15230","41.358333","Commscope_23:24:6c","NestLabs_90:13:f4","802.11","387","-24 dBm"
"15232","41.358341","Commscope_23:24:6c","NestLabs_90:13:f4","802.11","387","-24 dBm"
"15233","41.358346","Commscope_23:24:6c","Broadcast","802.11","287","-24 dBm"
"15253","41.463499","Commscope_23:24:6c","Broadcast","802.11","287","-24 dBm"
"15291","41.566068","Commscope_23:24:6c","Broadcast","802.11","287","-25 dBm"
"15324","41.667274","Commscope_23:24:6c","Broadcast","802.11","287","-28 dBm"
"15356","41.768677","Commscope_23:24:6c","Broadcast","802.11","287","-31 dBm"
"15394","41.872494","Commscope_23:24:6c","Broadcast","802.11","287","-31 dBm"
"15418","41.979758","Commscope_23:24:6c","Broadcast","802.11","287","-27 dBm"
"15446","42.081018","Commscope_23:24:6c","Broadcast","802.11","287","-25 dBm"
"15480","42.180413","Commscope_23:24:6c","Broadcast","802.11","287","-25 dBm"
"15516","42.281565","Commscope_23:24:6c","Broadcast","802.11","287","-25 dBm"
"15556","42.385164","Commscope_23:24:6c","Broadcast","802.11","287","-25 dBm"
"15582","42.492027","Commscope_23:24:6c","Broadcast","802.11","287","-28 dBm"
"15607","42.593023","Commscope_23:24:6c","Broadcast","802.11","287","-26 dBm"
"15645","42.690766","Commscope_23:24:6c","Broadcast","802.11","287","-27 dBm"
"15685","42.795061","Commscope_23:24:6c","Broadcast","802.11","287","-27 dBm"
"15732","42.897819","Commscope_23:24:6c","Broadcast","802.11","287","-31 dBm"
"15759","43.002715","Commscope_23:24:6c","Broadcast","802.11","287","-31 dBm"
"15797","43.104887","Commscope_23:24:6c","Broadcast","802.11","287","-28 dBm"
"15838","43.203799","Commscope_23:24:6c","Broadcast","802.11","287","-29 dBm"
"15875","43.306648","Commscope_23:24:6c","Broadcast","802.11","287","-28 dBm"
"15901","43.345117","Commscope_23:24:6c","VantivaUSA_e6:e2:80","802.11","387","-29 dBm"
"15902","43.345120","Commscope_23:24:6c","VantivaUSA_e6:e2:80","802.11","387","-29 dBm"
"15903","43.345123","Commscope_23:24:6c","VantivaUSA_e6:e2:80","802.11","387","-29 dBm"
"15907","43.351296","Commscope_23:24:6c","VantivaUSA_e6:e2:80","802.11","387","-29 dBm"
"15936","43.408891","Commscope_23:24:6c","Broadcast","802.11","287","-30 dBm"
"15963","43.509611","Commscope_23:24:6c","Broadcast","802.11","287","-34 dBm"
"15999","43.610745","Commscope_23:24:6c","Broadcast","802.11","287","-39 dBm"
"16033","43.719566","Commscope_23:24:6c","Broadcast","802.11","287","-28 dBm"
"16061","43.822438","Commscope_23:24:6c","Broadcast","802.11","287","-29 dBm"
"16098","43.921379","Commscope_23:24:6c","Broadcast","802.11","287","-30 dBm"
"16143","44.024853","Commscope_23:24:6c","Broadcast","802.11","287","-30 dBm"
"16176","44.124758","Commscope_23:24:6c","Broadcast","802.11","287","-27 dBm"
"16197","44.166051","Commscope_23:24:6c","VantivaUSA_b8:2c:66","802.11","387","-27 dBm"
"16198","44.168458","Commscope_23:24:6c","VantivaUSA_b8:2c:66","802.11","387","-28 dBm"
"16199","44.168834","Commscope_23:24:6c","VantivaUSA_b8:2c:66","802.11","387","-29 dBm"
"16201","44.168846","Commscope_23:24:6c","VantivaUSA_b8:2c:66","802.11","387","-29 dBm"
"16235","44.227136","Commscope_23:24:6c","Broadcast","802.11","287","-27 dBm"
"16258","44.296802","Commscope_23:24:6c","VantivaUSA_3c:54:73","802.11","387","-27 dBm"
"16259","44.296965","Commscope_23:24:6c","VantivaUSA_3c:54:73","802.11","387","-27 dBm"
"16260","44.296969","Commscope_23:24:6c","VantivaUSA_3c:54:73","802.11","387","-28 dBm"
"16261","44.296972","Commscope_23:24:6c","VantivaUSA_3c:54:73","802.11","387","-28 dBm"
"16278","44.331873","Commscope_23:24:6c","Broadcast","802.11","287","-27 dBm"
"16285","44.355802","Commscope_23:24:6c","VantivaUSA_bb:04:d1","802.11","387","-28 dBm"
"16287","44.355812","Commscope_23:24:6c","VantivaUSA_bb:04:d1","802.11","387","-28 dBm"
"16288","44.355909","Commscope_23:24:6c","VantivaUSA_bb:04:d1","802.11","387","-26 dBm"
"16289","44.355914","Commscope_23:24:6c","VantivaUSA_bb:04:d1","802.11","387","-27 dBm"
"16333","44.535660","Commscope_23:24:6c","Broadcast","802.11","287","-28 dBm"
"16361","44.635901","Commscope_23:24:6c","Broadcast","802.11","287","-28 dBm"
"16392","44.743373","Commscope_23:24:6c","Broadcast","802.11","287","-29 dBm"
"16404","44.775907","Commscope_23:24:6c","VantivaUSA_3f:b1:bd","802.11","387","-30 dBm"
"16405","44.775912","Commscope_23:24:6c","VantivaUSA_3f:b1:bd","802.11","387","-31 dBm"
"16406","44.777107","Commscope_23:24:6c","VantivaUSA_3f:b1:bd","802.11","387","-30 dBm"
"16407","44.777112","Commscope_23:24:6c","VantivaUSA_3f:b1:bd","802.11","387","-30 dBm"
"16411","44.796847","Commscope_23:24:6c","VantivaUSA_3f:b1:bd","802.11","387","-30 dBm"
"16412","44.796857","Commscope_23:24:6c","VantivaUSA_3f:b1:bd","802.11","387","-30 dBm"
"16413","44.796861","Commscope_23:24:6c","VantivaUSA_3f:b1:bd","802.11","387","-30 dBm"
"16414","44.797841","Commscope_23:24:6c","VantivaUSA_3f:b1:bd","802.11","387","-30 dBm"
"16416","44.806710","Commscope_23:24:6c","VantivaUSA_f2:df:8c","802.11","387","-31 dBm"
"16417","44.807681","Commscope_23:24:6c","VantivaUSA_f2:df:8c","802.11","387","-31 dBm"
"16418","44.807922","Commscope_23:24:6c","VantivaUSA_f2:df:8c","802.11","387","-30 dBm"
"16420","44.810380","Commscope_23:24:6c","VantivaUSA_f2:df:8c","802.11","387","-30 dBm"
"16435","44.840033","Commscope_23:24:6c","VantivaUSA_f2:df:8c","802.11","387","-31 dBm"
"16436","44.840036","Commscope_23:24:6c","VantivaUSA_f2:df:8c","802.11","387","-29 dBm"
"16437","44.840039","Commscope_23:24:6c","Broadcast","802.11","287","-31 dBm"
"16438","44.840621","Commscope_23:24:6c","VantivaUSA_f2:df:8c","802.11","387","-29 dBm"
"16439","44.842968","Commscope_23:24:6c","VantivaUSA_f2:df:8c","802.11","387","-30 dBm"
"16453","44.901741","Commscope_23:24:6c","VantivaUSA_ac:69:7e","802.11","387","-28 dBm"
"16454","44.901745","Commscope_23:24:6c","VantivaUSA_ac:69:7e","802.11","387","-28 dBm"
"16455","44.901824","Commscope_23:24:6c","VantivaUSA_ac:69:7e","802.11","387","-28 dBm"
"16456","44.901829","Commscope_23:24:6c","VantivaUSA_ac:69:7e","802.11","387","-30 dBm"
"16467","44.948259","Commscope_23:24:6c","Broadcast","802.11","287","-27 dBm"
"16500","45.046417","Commscope_23:24:6c","Broadcast","802.11","287","-25 dBm"
"16527","45.153063","Commscope_23:24:6c","Broadcast","802.11","287","-26 dBm"
"16563","45.252914","Commscope_23:24:6c","Broadcast","802.11","287","-27 dBm"
"16597","45.357374","Commscope_23:24:6c","Broadcast","802.11","287","-27 dBm"
"16622","45.455444","Commscope_23:24:6c","Broadcast","802.11","287","-29 dBm"
"16662","45.557857","Commscope_23:24:6c","Broadcast","802.11","287","-27 dBm"
"16693","45.667115","Commscope_23:24:6c","Broadcast","802.11","287","-28 dBm"
"16714","45.767618","Commscope_23:24:6c","Broadcast","802.11","287","-27 dBm"
"16746","45.872261","Commscope_23:24:6c","Broadcast","802.11","287","-26 dBm"
"16786","45.967586","Commscope_23:24:6c","Broadcast","802.11","287","-28 dBm"
"16812","46.037278","Commscope_23:24:6c","Commscope_71:86:02","802.11","387","-28 dBm"
"16833","46.070361","Commscope_23:24:6c","Broadcast","802.11","287","-30 dBm"
"16869","46.175719","Commscope_23:24:6c","Broadcast","802.11","287","-31 dBm"
"16912","46.275119","Commscope_23:24:6c","Broadcast","802.11","287","-29 dBm"
"16921","46.303952","Commscope_23:24:6c","NestLabs_90:13:f4","802.11","387","-29 dBm"
"16923","46.303962","Commscope_23:24:6c","NestLabs_90:13:f4","802.11","387","-30 dBm"
"16924","46.303965","Commscope_23:24:6c","NestLabs_90:13:f4","802.11","387","-30 dBm"
"16925","46.304013","Commscope_23:24:6c","NestLabs_90:13:f4","802.11","387","-30 dBm"
"16929","46.321103","Commscope_23:24:6c","NestLabs_90:13:f4","802.11","387","-30 dBm"
"16930","46.321108","Commscope_23:24:6c","NestLabs_90:13:f4","802.11","387","-29 dBm"
"16931","46.322414","Commscope_23:24:6c","NestLabs_90:13:f4","802.11","387","-31 dBm"
"16951","46.376996","Commscope_23:24:6c","Broadcast","802.11","287","-31 dBm"
"16997","46.478679","Commscope_23:24:6c","Broadcast","802.11","287","-29 dBm"
"17015","46.544915","Commscope_23:24:6c","62:2e:07:06:30:ce","802.11","387","-29 dBm"
"17031","46.568962","Commscope_23:24:6c","62:2e:07:06:30:ce","802.11","387","-29 dBm"
"17068","46.698609","Commscope_23:24:6c","Broadcast","802.11","287","-29 dBm"
"17115","46.791821","Commscope_23:24:6c","Broadcast","802.11","287","-30 dBm"
"17145","46.889174","Commscope_23:24:6c","Broadcast","802.11","287","-31 dBm"
"17168","46.992020","Commscope_23:24:6c","Broadcast","802.11","287","-32 dBm"
"17196","47.098624","Commscope_23:24:6c","Broadcast","802.11","287","-31 dBm"
"17222","47.196116","Commscope_23:24:6c","Broadcast","802.11","287","-32 dBm"
"17256","47.298298","Commscope_23:24:6c","Broadcast","802.11","287","-32 dBm"
"17284","47.401421","Commscope_23:24:6c","Broadcast","802.11","287","-32 dBm"
"17314","47.505939","Commscope_23:24:6c","Broadcast","802.11","287","-31 dBm"
"17375","47.709214","Commscope_23:24:6c","Broadcast","802.11","287","-32 dBm"
"17704","48.739957","Commscope_23:24:6c","Broadcast","802.11","287","-31 dBm"
"17758","48.940473","Commscope_23:24:6c","Broadcast","802.11","287","-31 dBm"
"17793","49.041752","Commscope_23:24:6c","Broadcast","802.11","287","-29 dBm"
"17826","49.147424","Commscope_23:24:6c","Broadcast","802.11","287","-30 dBm"
"17851","49.247286","Commscope_23:24:6c","Broadcast","802.11","287","-29 dBm"
"17886","49.346109","Commscope_23:24:6c","Broadcast","802.11","287","-29 dBm"
"17921","49.450816","Commscope_23:24:6c","Broadcast","802.11","287","-28 dBm"
"17950","49.553291","Commscope_23:24:6c","Broadcast","802.11","287","-27 dBm"
"17986","49.658712","Commscope_23:24:6c","Broadcast","802.11","287","-27 dBm"
"18014","49.761802","Commscope_23:24:6c","Broadcast","802.11","287","-27 dBm"
"18045","49.860955","Commscope_23:24:6c","Broadcast","802.11","287","-26 dBm"
"18076","49.965845","Commscope_23:24:6c","Broadcast","802.11","287","-26 dBm"
"18093","50.044179","Commscope_23:24:6c","Intel_55:d8:b3","802.11","387","-27 dBm"
"18095","50.046666","Commscope_23:24:6c","Intel_55:d8:b3","802.11","387","-27 dBm"
"18096","50.055477","Commscope_23:24:6c","Intel_55:d8:b3","802.11","387","-27 dBm"
"18103","50.055516","Commscope_23:24:6c","Intel_55:d8:b3","802.11","387","-27 dBm"
"18105","50.061644","Commscope_23:24:6c","Intel_55:d8:b3","802.11","387","-27 dBm"
"18106","50.061648","Commscope_23:24:6c","Intel_55:d8:b3","802.11","387","-26 dBm"
"18108","50.061655","Commscope_23:24:6c","Intel_55:d8:b3","802.11","387","-27 dBm"
"18110","50.061662","Commscope_23:24:6c","Intel_55:d8:b3","802.11","387","-26 dBm"
"18111","50.068371","Commscope_23:24:6c","Broadcast","802.11","287","-26 dBm"
"18146","50.167710","Commscope_23:24:6c","Broadcast","802.11","287","-26 dBm"
"18186","50.272174","Commscope_23:24:6c","Broadcast","802.11","287","-28 dBm"
"18192","50.294792","Commscope_23:24:6c","VantivaUSA_c5:dd:3d","802.11","387","-28 dBm"
"18194","50.294894","Commscope_23:24:6c","VantivaUSA_c5:dd:3d","802.11","387","-29 dBm"
"18196","50.301750","Commscope_23:24:6c","VantivaUSA_c5:dd:3d","802.11","387","-27 dBm"
"18197","50.301753","Commscope_23:24:6c","VantivaUSA_c5:dd:3d","802.11","387","-28 dBm"
"18218","50.374284","Commscope_23:24:6c","Broadcast","802.11","287","-28 dBm"
"18291","50.580562","Commscope_23:24:6c","Broadcast","802.11","287","-28 dBm"
"18323","50.680075","Commscope_23:24:6c","Broadcast","802.11","287","-28 dBm"
"18390","50.884024","Commscope_23:24:6c","Broadcast","802.11","287","-27 dBm"
"18456","51.088249","Commscope_23:24:6c","Broadcast","802.11","287","-28 dBm"
"18462","51.107987","Commscope_23:24:6c","42:f3:84:75:d3:fd","802.11","387","-28 dBm"
"18496","51.194208","Commscope_23:24:6c","Broadcast","802.11","287","-29 dBm"
"18539","51.292722","Commscope_23:24:6c","Broadcast","802.11","287","-29 dBm"
"18575","51.395689","Commscope_23:24:6c","Broadcast","802.11","287","-28 dBm"
"18607","51.511310","Commscope_23:24:6c","Broadcast","802.11","287","-28 dBm"
"18635","51.605835","Commscope_23:24:6c","Broadcast","802.11","287","-28 dBm"
"18704","51.805858","Commscope_23:24:6c","Broadcast","802.11","287","-27 dBm"
"18737","51.911463","Commscope_23:24:6c","Broadcast","802.11","287","-26 dBm"
"18778","52.013451","Commscope_23:24:6c","Broadcast","802.11","287","-28 dBm"
"18803","52.117885","Commscope_23:24:6c","Broadcast","802.11","287","-27 dBm"
"18836","52.212576","Commscope_23:24:6c","Broadcast","802.11","287","-26 dBm"
"18875","52.320138","Commscope_23:24:6c","Broadcast","802.11","287","-26 dBm"
"18946","52.521511","Commscope_23:24:6c","Broadcast","802.11","287","-26 dBm"
"18980","52.638254","Commscope_23:24:6c","Broadcast","802.11","287","-26 dBm"
"19000","52.753082","Commscope_23:24:6c","Broadcast","802.11","287","-27 dBm"
"19020","52.819655","Commscope_23:24:6c","5a:44:81:3e:21:99","802.11","387","-27 dBm"
"19022","52.819662","Commscope_23:24:6c","5a:44:81:3e:21:99","802.11","387","-26 dBm"
"19024","52.821106","Commscope_23:24:6c","5a:44:81:3e:21:99","802.11","387","-27 dBm"
"19029","52.827267","Commscope_23:24:6c","Broadcast","802.11","287","-26 dBm"
"19070","52.933893","Commscope_23:24:6c","Broadcast","802.11","287","-27 dBm"
"19106","53.046970","Commscope_23:24:6c","Broadcast","802.11","287","-26 dBm"
"19135","53.138429","Commscope_23:24:6c","Broadcast","802.11","287","-26 dBm"
"19187","53.241298","Commscope_23:24:6c","Broadcast","802.11","287","-26 dBm"
"19237","53.341462","Commscope_23:24:6c","Broadcast","802.11","287","-27 dBm"
"19274","53.442056","Commscope_23:24:6c","Broadcast","802.11","287","-27 dBm"
"19296","53.544490","Commscope_23:24:6c","Broadcast","802.11","287","-27 dBm"
"19328","53.650689","Commscope_23:24:6c","Broadcast","802.11","287","-27 dBm"
"19360","53.756984","Commscope_23:24:6c","Broadcast","802.11","287","-26 dBm"
"19383","53.854595","Commscope_23:24:6c","Broadcast","802.11","287","-27 dBm"
"19413","53.958498","Commscope_23:24:6c","Broadcast","802.11","287","-27 dBm"
"19418","53.974665","Commscope_23:24:6c","da:a1:b6:12:a3:e1","802.11","387","-27 dBm"
"19419","53.974788","Commscope_23:24:6c","da:a1:b6:12:a3:e1","802.11","387","-27 dBm"
"19420","53.974792","Commscope_23:24:6c","da:a1:b6:12:a3:e1","802.11","387","-27 dBm"
"19421","53.974797","Commscope_23:24:6c","da:a1:b6:12:a3:e1","802.11","387","-26 dBm"
"19445","54.060657","Commscope_23:24:6c","Broadcast","802.11","287","-27 dBm"
"19486","54.160066","Commscope_23:24:6c","Broadcast","802.11","287","-27 dBm"
"19564","54.366188","Commscope_23:24:6c","Broadcast","802.11","287","-27 dBm"
"19595","54.468246","Commscope_23:24:6c","Broadcast","802.11","287","-25 dBm"
"19645","54.571465","Commscope_23:24:6c","Broadcast","802.11","287","-27 dBm"
"19679","54.683002","Commscope_23:24:6c","Broadcast","802.11","287","-26 dBm"
"19703","54.779542","Commscope_23:24:6c","Broadcast","802.11","287","-25 dBm"
"19723","54.834988","Commscope_23:24:6c","VantivaUSA_d0:97:64","802.11","387","-26 dBm"
"19724","54.834992","Commscope_23:24:6c","VantivaUSA_d0:97:64","802.11","387","-25 dBm"
"19726","54.835565","Commscope_23:24:6c","VantivaUSA_d0:97:64","802.11","387","-25 dBm"
"19749","54.890919","Commscope_23:24:6c","Broadcast","802.11","287","-27 dBm"
"19783","54.982676","Commscope_23:24:6c","Broadcast","802.11","287","-26 dBm"
"19822","55.082309","Commscope_23:24:6c","Broadcast","802.11","287","-26 dBm"
"19890","55.293315","Commscope_23:24:6c","Broadcast","802.11","287","-26 dBm"
"19925","55.388872","Commscope_23:24:6c","Broadcast","802.11","287","-26 dBm"
"19957","55.497250","Commscope_23:24:6c","Broadcast","802.11","287","-26 dBm"
"19982","55.593353","Commscope_23:24:6c","Broadcast","802.11","287","-27 dBm"
"20011","55.700255","Commscope_23:24:6c","Broadcast","802.11","287","-25 dBm"
"20039","55.801007","Commscope_23:24:6c","Broadcast","802.11","287","-26 dBm"
"20071","55.903532","Commscope_23:24:6c","Broadcast","802.11","287","-26 dBm"
"20102","56.003916","Commscope_23:24:6c","Broadcast","802.11","287","-26 dBm"
"20127","56.104069","Commscope_23:24:6c","Broadcast","802.11","287","-25 dBm"
"20172","56.213554","Commscope_23:24:6c","Broadcast","802.11","287","-25 dBm"
"20207","56.311823","Commscope_23:24:6c","Broadcast","802.11","287","-26 dBm"
"20214","56.329899","Commscope_23:24:6c","NestLabs_90:13:f4","802.11","387","-27 dBm"
"20215","56.329902","Commscope_23:24:6c","NestLabs_90:13:f4","802.11","387","-25 dBm"
"20217","56.330519","Commscope_23:24:6c","NestLabs_90:13:f4","802.11","387","-27 dBm"
"20232","56.356907","Commscope_23:24:6c","NestLabs_90:13:f4","802.11","387","-26 dBm"
"20233","56.356914","Commscope_23:24:6c","NestLabs_90:13:f4","802.11","387","-26 dBm"
"20235","56.359876","Commscope_23:24:6c","NestLabs_90:13:f4","802.11","387","-26 dBm"
"20237","56.366103","Commscope_23:24:6c","NestLabs_90:13:f4","802.11","387","-26 dBm"
"20268","56.429283","Commscope_23:24:6c","Broadcast","802.11","287","-26 dBm"
"20350","56.618674","Commscope_23:24:6c","Broadcast","802.11","287","-26 dBm"
"20382","56.724216","Commscope_23:24:6c","Broadcast","802.11","287","-26 dBm"
"20419","56.822124","Commscope_23:24:6c","Broadcast","802.11","287","-29 dBm"
"20450","56.923122","Commscope_23:24:6c","Broadcast","802.11","287","-32 dBm"
"20485","57.027892","Commscope_23:24:6c","Broadcast","802.11","287","-26 dBm"
"20521","57.131247","Commscope_23:24:6c","Broadcast","802.11","287","-28 dBm"
"20546","57.237758","Commscope_23:24:6c","Broadcast","802.11","287","-25 dBm"
"20579","57.338726","Commscope_23:24:6c","Broadcast","802.11","287","-28 dBm"
"20611","57.437201","Commscope_23:24:6c","Broadcast","802.11","287","-29 dBm"
"20655","57.537655","Commscope_23:24:6c","Broadcast","802.11","287","-28 dBm"
"20693","57.646741","Commscope_23:24:6c","Broadcast","802.11","287","-31 dBm"
"20730","57.757608","Commscope_23:24:6c","Broadcast","802.11","287","-28 dBm"
"20752","57.850650","Commscope_23:24:6c","Broadcast","802.11","287","-28 dBm"
"20790","57.947991","Commscope_23:24:6c","Broadcast","802.11","287","-30 dBm"
"20827","58.055371","Commscope_23:24:6c","Broadcast","802.11","287","-33 dBm"
"20846","58.106621","Commscope_23:24:6c","VantivaUSA_da:e6:14","802.11","387","-34 dBm"
"20847","58.109611","Commscope_23:24:6c","VantivaUSA_da:e6:14","802.11","387","-34 dBm"
"20848","58.109618","Commscope_23:24:6c","VantivaUSA_da:e6:14","802.11","387","-33 dBm"
"20849","58.109623","Commscope_23:24:6c","VantivaUSA_da:e6:14","802.11","387","-34 dBm"
"20885","58.153614","Commscope_23:24:6c","Broadcast","802.11","287","-34 dBm"
"20915","58.257065","Commscope_23:24:6c","Broadcast","802.11","287","-30 dBm"
"20945","58.361941","Commscope_23:24:6c","Broadcast","802.11","287","-29 dBm"
"20972","58.461677","Commscope_23:24:6c","Broadcast","802.11","287","-29 dBm"
"21001","58.561585","Commscope_23:24:6c","Broadcast","802.11","287","-29 dBm"
"21042","58.665061","Commscope_23:24:6c","Broadcast","802.11","287","-31 dBm"
"21043","58.667460","Commscope_23:24:6c","8e:d3:b1:84:b5:65","802.11","387","-31 dBm"
"21044","58.667776","Commscope_23:24:6c","8e:d3:b1:84:b5:65","802.11","387","-31 dBm"
"21045","58.667782","Commscope_23:24:6c","8e:d3:b1:84:b5:65","802.11","387","-31 dBm"
"21046","58.667785","Commscope_23:24:6c","8e:d3:b1:84:b5:65","802.11","387","-30 dBm"
"21090","58.870388","Commscope_23:24:6c","Broadcast","802.11","287","-28 dBm"
"21169","59.074575","Commscope_23:24:6c","Broadcast","802.11","287","-28 dBm"
"21210","59.175853","Commscope_23:24:6c","Broadcast","802.11","287","-28 dBm"
"21247","59.281332","Commscope_23:24:6c","Broadcast","802.11","287","-28 dBm"
"21285","59.385847","Commscope_23:24:6c","Broadcast","802.11","287","-27 dBm"
"21318","59.488046","Commscope_23:24:6c","Broadcast","802.11","287","-28 dBm"
"21328","59.545126","Commscope_23:24:6c","VantivaUSA_e6:e2:80","802.11","387","-29 dBm"
"21331","59.545154","Commscope_23:24:6c","VantivaUSA_e6:e2:80","802.11","387","-30 dBm"
"21338","59.552740","Commscope_23:24:6c","VantivaUSA_e6:e2:80","802.11","387","-28 dBm"
"21339","59.552746","Commscope_23:24:6c","VantivaUSA_e6:e2:80","802.11","387","-29 dBm"
"21340","59.553951","Commscope_23:24:6c","VantivaUSA_e6:e2:80","802.11","387","-29 dBm"
"21342","59.553958","Commscope_23:24:6c","VantivaUSA_e6:e2:80","802.11","387","-29 dBm"
"21356","59.591361","Commscope_23:24:6c","Broadcast","802.11","287","-29 dBm"
"21395","59.692658","Commscope_23:24:6c","Broadcast","802.11","287","-33 dBm"
"21427","59.796077","Commscope_23:24:6c","Broadcast","802.11","287","-35 dBm"
"21459","59.893972","Commscope_23:24:6c","Broadcast","802.11","287","-36 dBm"
"21483","59.964339","Commscope_23:24:6c","be:fc:f2:0c:f0:91","802.11","387","-37 dBm"
"21484","59.964415","Commscope_23:24:6c","be:fc:f2:0c:f0:91","802.11","387","-38 dBm"
"21485","59.964420","Commscope_23:24:6c","be:fc:f2:0c:f0:91","802.11","387","-37 dBm"
"21486","59.964424","Commscope_23:24:6c","be:fc:f2:0c:f0:91","802.11","387","-37 dBm"
"21497","59.995106","Commscope_23:24:6c","Broadcast","802.11","287","-37 dBm"
"21536","60.099319","Commscope_23:24:6c","Broadcast","802.11","287","-38 dBm"
"21571","60.201610","Commscope_23:24:6c","Broadcast","802.11","287","-37 dBm"
"21609","60.307742","Commscope_23:24:6c","Broadcast","802.11","287","-37 dBm"
"21616","60.314711","Commscope_23:24:6c","VantivaUSA_c5:dd:3d","802.11","387","-37 dBm"
"21617","60.315985","Commscope_23:24:6c","VantivaUSA_c5:dd:3d","802.11","387","-37 dBm"
"21618","60.315989","Commscope_23:24:6c","VantivaUSA_c5:dd:3d","802.11","387","-37 dBm"
"21619","60.317523","Commscope_23:24:6c","VantivaUSA_c5:dd:3d","802.11","387","-37 dBm"
"21649","60.405577","Commscope_23:24:6c","Broadcast","802.11","287","-36 dBm"
"21687","60.508839","Commscope_23:24:6c","Broadcast","802.11","287","-34 dBm"
"21727","60.617189","Commscope_23:24:6c","Broadcast","802.11","287","-34 dBm"
"21770","60.713747","Commscope_23:24:6c","Broadcast","802.11","287","-34 dBm"
"21801","60.817203","Commscope_23:24:6c","Broadcast","802.11","287","-33 dBm"
"21835","60.918422","Commscope_23:24:6c","Broadcast","802.11","287","-33 dBm"
"21873","61.022854","Commscope_23:24:6c","Broadcast","802.11","287","-34 dBm"
"21911","61.126359","Commscope_23:24:6c","Broadcast","802.11","287","-33 dBm"
"21950","61.225800","Commscope_23:24:6c","Broadcast","802.11","287","-34 dBm"
"22002","61.316649","Commscope_23:24:6c","NestLabs_90:13:f4","802.11","387","-33 dBm"
"22003","61.316653","Commscope_23:24:6c","NestLabs_90:13:f4","802.11","387","-34 dBm"
"22004","61.317872","Commscope_23:24:6c","NestLabs_90:13:f4","802.11","387","-33 dBm"
"22005","61.317875","Commscope_23:24:6c","NestLabs_90:13:f4","802.11","387","-32 dBm"
"22010","61.327108","Commscope_23:24:6c","Broadcast","802.11","287","-34 dBm"
"22015","61.335553","Commscope_23:24:6c","NestLabs_90:13:f4","802.11","387","-34 dBm"
"22016","61.335559","Commscope_23:24:6c","NestLabs_90:13:f4","802.11","387","-32 dBm"
"22017","61.336887","Commscope_23:24:6c","NestLabs_90:13:f4","802.11","387","-32 dBm"
"22018","61.336892","Commscope_23:24:6c","NestLabs_90:13:f4","802.11","387","-32 dBm"
"22033","61.375519","Commscope_23:24:6c","NestLabs_90:13:f4","802.11","387","-32 dBm"
"22034","61.376672","Commscope_23:24:6c","NestLabs_90:13:f4","802.11","387","-32 dBm"
"22035","61.376677","Commscope_23:24:6c","NestLabs_90:13:f4","802.11","387","-34 dBm"
"22036","61.377816","Commscope_23:24:6c","NestLabs_90:13:f4","802.11","387","-34 dBm"
"22039","61.396330","Commscope_23:24:6c","NestLabs_90:13:f4","802.11","387","-33 dBm"
"22040","61.396335","Commscope_23:24:6c","NestLabs_90:13:f4","802.11","387","-33 dBm"
"22041","61.397884","Commscope_23:24:6c","NestLabs_90:13:f4","802.11","387","-32 dBm"
"22042","61.397890","Commscope_23:24:6c","NestLabs_90:13:f4","802.11","387","-32 dBm"
"22064","61.434803","Commscope_23:24:6c","Broadcast","802.11","287","-33 dBm"
"22094","61.537288","Commscope_23:24:6c","Broadcast","802.11","287","-33 dBm"
"22138","61.636419","Commscope_23:24:6c","Broadcast","802.11","287","-32 dBm"
"22176","61.737734","Commscope_23:24:6c","Broadcast","802.11","287","-32 dBm"
"22216","61.845669","Commscope_23:24:6c","Broadcast","802.11","287","-32 dBm"
"22244","61.942482","Commscope_23:24:6c","Broadcast","802.11","287","-31 dBm"
"22282","62.047678","Commscope_23:24:6c","Broadcast","802.11","287","-31 dBm"
"22319","62.147329","Commscope_23:24:6c","Broadcast","802.11","287","-32 dBm"
"22353","62.250184","Commscope_23:24:6c","Broadcast","802.11","287","-33 dBm"
"22391","62.352065","Commscope_23:24:6c","Broadcast","802.11","287","-33 dBm"
"22428","62.458801","Commscope_23:24:6c","Broadcast","802.11","287","-32 dBm"
"22463","62.559878","Commscope_23:24:6c","Broadcast","802.11","287","0 dBm"
"22496","62.658575","Commscope_23:24:6c","Broadcast","802.11","287","-33 dBm"
"22532","62.765854","Commscope_23:24:6c","Broadcast","802.11","287","-31 dBm"
"22597","62.969209","Commscope_23:24:6c","Broadcast","802.11","287","-33 dBm"
"22603","62.981214","Commscope_23:24:6c","72:6e:fd:d5:d8:23","802.11","387","-32 dBm"
"22604","62.981219","Commscope_23:24:6c","72:6e:fd:d5:d8:23","802.11","387","-33 dBm"
"22605","62.982553","Commscope_23:24:6c","72:6e:fd:d5:d8:23","802.11","387","-32 dBm"
"22606","62.982558","Commscope_23:24:6c","72:6e:fd:d5:d8:23","802.11","387","-33 dBm"
"22642","63.069959","Commscope_23:24:6c","Broadcast","802.11","287","-32 dBm"
"22678","63.171266","Commscope_23:24:6c","Broadcast","802.11","287","-32 dBm"
"22712","63.273329","Commscope_23:24:6c","Broadcast","802.11","287","-33 dBm"
"22743","63.342719","Commscope_23:24:6c","VantivaUSA_e6:e2:80","802.11","387","-32 dBm"
"22744","63.342724","Commscope_23:24:6c","VantivaUSA_e6:e2:80","802.11","387","-33 dBm"
"22746","63.342732","Commscope_23:24:6c","VantivaUSA_e6:e2:80","802.11","387","-33 dBm"
"22747","63.342736","Commscope_23:24:6c","VantivaUSA_e6:e2:80","802.11","387","-33 dBm"
"22774","63.376255","Commscope_23:24:6c","Broadcast","802.11","287","-32 dBm"
"22801","63.482414","Commscope_23:24:6c","Broadcast","802.11","287","-33 dBm"
"22855","63.584570","Commscope_23:24:6c","Broadcast","802.11","287","-33 dBm"
"22892","63.681363","Commscope_23:24:6c","Broadcast","802.11","287","-33 dBm"
"22926","63.785030","Commscope_23:24:6c","Broadcast","802.11","287","-34 dBm"
"22951","63.888068","Commscope_23:24:6c","Broadcast","802.11","287","-33 dBm"
"22983","63.993703","Commscope_23:24:6c","Broadcast","802.11","287","-34 dBm"
"23033","64.094250","Commscope_23:24:6c","Broadcast","802.11","287","-33 dBm"
"23075","64.188870","Commscope_23:24:6c","5a:f0:cd:c7:e2:a4","802.11","387","-34 dBm"
"23076","64.188877","Commscope_23:24:6c","5a:f0:cd:c7:e2:a4","802.11","387","-33 dBm"
"23077","64.188882","Commscope_23:24:6c","5a:f0:cd:c7:e2:a4","802.11","387","-33 dBm"
"23078","64.190004","Commscope_23:24:6c","5a:f0:cd:c7:e2:a4","802.11","387","-34 dBm"
"23082","64.194655","Commscope_23:24:6c","Broadcast","802.11","287","-33 dBm"
"23123","64.311001","Commscope_23:24:6c","Broadcast","802.11","287","-33 dBm"
"23159","64.400336","Commscope_23:24:6c","Broadcast","802.11","287","-34 dBm"
"23184","64.473914","Commscope_23:24:6c","VantivaUSA_3c:54:73","802.11","387","-32 dBm"
"23185","64.480568","Commscope_23:24:6c","VantivaUSA_3c:54:73","802.11","387","-33 dBm"
"23187","64.480577","Commscope_23:24:6c","VantivaUSA_3c:54:73","802.11","387","-31 dBm"
"23188","64.480583","Commscope_23:24:6c","VantivaUSA_3c:54:73","802.11","387","-31 dBm"
"23197","64.504761","Commscope_23:24:6c","Broadcast","802.11","287","-31 dBm"
"23236","64.610318","Commscope_23:24:6c","Broadcast","802.11","287","-32 dBm"
"23261","64.708479","Commscope_23:24:6c","Broadcast","802.11","287","-32 dBm"
"23288","64.791792","Commscope_23:24:6c","VantivaUSA_3f:b1:bd","802.11","387","-31 dBm"
"23289","64.791797","Commscope_23:24:6c","VantivaUSA_3f:b1:bd","802.11","387","-31 dBm"
"23290","64.791802","Commscope_23:24:6c","VantivaUSA_3f:b1:bd","802.11","387","-31 dBm"
"23291","64.791806","Commscope_23:24:6c","VantivaUSA_3f:b1:bd","802.11","387","-31 dBm"
"23296","64.807882","Commscope_23:24:6c","Broadcast","802.11","287","-32 dBm"
"23298","64.810768","Commscope_23:24:6c","VantivaUSA_f2:df:8c","802.11","387","-32 dBm"
"23299","64.810774","Commscope_23:24:6c","VantivaUSA_f2:df:8c","802.11","387","-31 dBm"
"23300","64.810779","Commscope_23:24:6c","VantivaUSA_f2:df:8c","802.11","387","-32 dBm"
"23301","64.811917","Commscope_23:24:6c","VantivaUSA_f2:df:8c","802.11","387","-32 dBm"
"23319","64.836723","Commscope_23:24:6c","VantivaUSA_f2:df:8c","802.11","387","-32 dBm"
"23321","64.842621","Commscope_23:24:6c","VantivaUSA_f2:df:8c","802.11","387","-32 dBm"
"23322","64.842624","Commscope_23:24:6c","VantivaUSA_f2:df:8c","802.11","387","-32 dBm"
"23356","64.918032","Commscope_23:24:6c","Broadcast","802.11","287","-32 dBm"
"23392","65.017974","Commscope_23:24:6c","Broadcast","802.11","287","-33 dBm"
"23427","65.119284","Commscope_23:24:6c","Broadcast","802.11","287","-34 dBm"
"23477","65.219272","Commscope_23:24:6c","Broadcast","802.11","287","-33 dBm"
"23517","65.325011","Commscope_23:24:6c","Broadcast","802.11","287","-32 dBm"
"23536","65.428620","Commscope_23:24:6c","Broadcast","802.11","287","-32 dBm"
"23560","65.528082","Commscope_23:24:6c","Broadcast","802.11","287","-34 dBm"
"23595","65.629257","Commscope_23:24:6c","Broadcast","802.11","287","0 dBm"
"23631","65.732335","Commscope_23:24:6c","Broadcast","802.11","287","-34 dBm"
"23668","65.836766","Commscope_23:24:6c","Broadcast","802.11","287","-34 dBm"
"23697","65.940474","Commscope_23:24:6c","Broadcast","802.11","287","-34 dBm"
"23726","66.038565","Commscope_23:24:6c","Broadcast","802.11","287","-32 dBm"
"23785","66.247182","Commscope_23:24:6c","Broadcast","802.11","287","-32 dBm"
"23819","66.346492","Commscope_23:24:6c","Broadcast","802.11","287","-32 dBm"
"23857","66.452364","Commscope_23:24:6c","Broadcast","802.11","287","-32 dBm"
"23891","66.552375","Commscope_23:24:6c","Broadcast","802.11","287","-33 dBm"
"23932","66.657343","Commscope_23:24:6c","Broadcast","802.11","287","-32 dBm"
"23949","66.753568","Commscope_23:24:6c","Broadcast","802.11","287","-32 dBm"
"23989","66.860115","Commscope_23:24:6c","Broadcast","802.11","287","-34 dBm"
"24021","66.962078","Commscope_23:24:6c","Broadcast","802.11","287","-32 dBm"
"24045","67.018148","Commscope_23:24:6c","Commscope_71:86:02","802.11","387","-32 dBm"
"24046","67.018152","Commscope_23:24:6c","Commscope_71:86:02","802.11","387","-34 dBm"
"24047","67.018157","Commscope_23:24:6c","Commscope_71:86:02","802.11","387","-33 dBm"
"24048","67.018233","Commscope_23:24:6c","Commscope_71:86:02","802.11","387","-32 dBm"
"24068","67.065701","Commscope_23:24:6c","Broadcast","802.11","287","-33 dBm"
"24093","67.164596","Commscope_23:24:6c","Broadcast","802.11","287","-32 dBm"
"24126","67.267368","Commscope_23:24:6c","Broadcast","802.11","287","-32 dBm"
"24164","67.369298","Commscope_23:24:6c","Broadcast","802.11","287","-33 dBm"
"24230","67.578172","Commscope_23:24:6c","Broadcast","802.11","287","-33 dBm"
"24271","67.676668","Commscope_23:24:6c","Broadcast","802.11","287","-33 dBm"
"24313","67.785439","Commscope_23:24:6c","Broadcast","802.11","287","-33 dBm"
"24346","67.884497","Commscope_23:24:6c","Broadcast","802.11","287","-33 dBm"
"24381","67.984255","Commscope_23:24:6c","Broadcast","802.11","287","-34 dBm"
"24416","68.089298","Commscope_23:24:6c","Broadcast","802.11","287","-33 dBm"
"24427","68.109437","Commscope_23:24:6c","VantivaUSA_da:e6:14","802.11","387","-34 dBm"
"24428","68.109442","Commscope_23:24:6c","VantivaUSA_da:e6:14","802.11","387","-33 dBm"
"24429","68.109446","Commscope_23:24:6c","VantivaUSA_da:e6:14","802.11","387","-32 dBm"
"24430","68.109449","Commscope_23:24:6c","VantivaUSA_da:e6:14","802.11","387","-31 dBm"
"24461","68.188252","Commscope_23:24:6c","Broadcast","802.11","287","-32 dBm"
"24504","68.291346","Commscope_23:24:6c","Broadcast","802.11","287","-34 dBm"
"24531","68.397900","Commscope_23:24:6c","Broadcast","802.11","287","-33 dBm"
"24571","68.499791","Commscope_23:24:6c","Broadcast","802.11","287","-31 dBm"
"24606","68.601764","Commscope_23:24:6c","Broadcast","802.11","287","-31 dBm"
"24628","68.706897","Commscope_23:24:6c","Broadcast","802.11","287","-32 dBm"
"24656","68.804271","Commscope_23:24:6c","Broadcast","802.11","287","-31 dBm"
"24697","68.905091","Commscope_23:24:6c","Broadcast","802.11","287","-32 dBm"
"24722","69.010721","Commscope_23:24:6c","Broadcast","802.11","287","-32 dBm"
"24760","69.114078","Commscope_23:24:6c","Broadcast","802.11","287","-33 dBm"
"24791","69.217179","Commscope_23:24:6c","Broadcast","802.11","287","-30 dBm"
"24834","69.318132","Commscope_23:24:6c","Broadcast","802.11","287","-30 dBm"
"24873","69.417766","Commscope_23:24:6c","Broadcast","802.11","287","-31 dBm"
"24913","69.523935","Commscope_23:24:6c","Broadcast","802.11","287","-31 dBm"
"24942","69.624481","Commscope_23:24:6c","Broadcast","802.11","287","-30 dBm"
"24982","69.724954","Commscope_23:24:6c","Broadcast","802.11","287","-31 dBm"
"25017","69.830202","Commscope_23:24:6c","Broadcast","802.11","287","-30 dBm"
"25054","69.934366","Commscope_23:24:6c","Broadcast","802.11","287","-30 dBm"
"25085","70.035834","Commscope_23:24:6c","Broadcast","802.11","287","0 dBm"
"25128","70.134921","Commscope_23:24:6c","Broadcast","802.11","287","-28 dBm"
"25166","70.238531","Commscope_23:24:6c","Broadcast","802.11","287","-28 dBm"
"25204","70.342543","Commscope_23:24:6c","Broadcast","802.11","287","-29 dBm"
"25239","70.445022","Commscope_23:24:6c","Broadcast","802.11","287","-28 dBm"
"25278","70.548171","Commscope_23:24:6c","Broadcast","802.11","287","-31 dBm"
"25314","70.650810","Commscope_23:24:6c","Broadcast","802.11","287","-33 dBm"
"25362","70.748982","Commscope_23:24:6c","Broadcast","802.11","287","-34 dBm"
"25388","70.854567","Commscope_23:24:6c","Broadcast","802.11","287","-37 dBm"
"25420","70.951994","Commscope_23:24:6c","Broadcast","802.11","287","-32 dBm"
"25458","71.060724","Commscope_23:24:6c","Broadcast","802.11","287","-34 dBm"
"25493","71.161960","Commscope_23:24:6c","Broadcast","802.11","287","-37 dBm"
"25527","71.260365","Commscope_23:24:6c","Broadcast","802.11","287","-33 dBm"
"25563","71.322346","Commscope_23:24:6c","NestLabs_90:13:f4","802.11","387","-37 dBm"
"25564","71.322349","Commscope_23:24:6c","NestLabs_90:13:f4","802.11","387","-36 dBm"
"25565","71.322353","Commscope_23:24:6c","NestLabs_90:13:f4","802.11","387","-34 dBm"
"25566","71.322358","Commscope_23:24:6c","NestLabs_90:13:f4","802.11","387","-34 dBm"
"25572","71.343036","Commscope_23:24:6c","NestLabs_90:13:f4","802.11","387","-37 dBm"
"25573","71.343046","Commscope_23:24:6c","NestLabs_90:13:f4","802.11","387","-37 dBm"
"25575","71.343324","Commscope_23:24:6c","NestLabs_90:13:f4","802.11","387","-35 dBm"
"25576","71.344430","Commscope_23:24:6c","NestLabs_90:13:f4","802.11","387","-37 dBm"
"25580","71.363402","Commscope_23:24:6c","Broadcast","802.11","287","-36 dBm"
"25589","71.385069","Commscope_23:24:6c","NestLabs_90:13:f4","802.11","387","-36 dBm"
"25590","71.385076","Commscope_23:24:6c","NestLabs_90:13:f4","802.11","387","-34 dBm"
"25602","71.414165","Commscope_23:24:6c","NestLabs_90:13:f4","802.11","387","-35 dBm"
"25603","71.414175","Commscope_23:24:6c","NestLabs_90:13:f4","802.11","387","-35 dBm"
"25604","71.414178","Commscope_23:24:6c","NestLabs_90:13:f4","802.11","387","-35 dBm"
"25605","71.414182","Commscope_23:24:6c","NestLabs_90:13:f4","802.11","387","-36 dBm"
"25629","71.464641","Commscope_23:24:6c","Broadcast","802.11","287","-36 dBm"
"25671","71.568206","Commscope_23:24:6c","Broadcast","802.11","287","-40 dBm"
"25709","71.670478","Commscope_23:24:6c","Broadcast","802.11","287","-41 dBm"
"25775","71.875279","Commscope_23:24:6c","Broadcast","802.11","287","-40 dBm"
"25812","71.982579","Commscope_23:24:6c","Broadcast","802.11","287","-36 dBm"
"25857","72.080146","Commscope_23:24:6c","Broadcast","802.11","287","-37 dBm"
"25902","72.188570","Commscope_23:24:6c","Broadcast","802.11","287","-39 dBm"
"25925","72.283344","Commscope_23:24:6c","VantivaUSA_f4:90:cd","802.11","387","-38 dBm"
"25926","72.284087","Commscope_23:24:6c","VantivaUSA_f4:90:cd","802.11","387","-40 dBm"
"25927","72.284093","Commscope_23:24:6c","VantivaUSA_f4:90:cd","802.11","387","-39 dBm"
"25928","72.284097","Commscope_23:24:6c","Broadcast","802.11","287","-39 dBm"
"25929","72.284101","Commscope_23:24:6c","VantivaUSA_f4:90:cd","802.11","387","-40 dBm"
"25963","72.387578","Commscope_23:24:6c","Broadcast","802.11","287","-39 dBm"
"25996","72.489124","Commscope_23:24:6c","Broadcast","802.11","287","-40 dBm"
"26028","72.592204","Commscope_23:24:6c","Broadcast","802.11","287","-42 dBm"
"26062","72.697286","Commscope_23:24:6c","Broadcast","802.11","287","-39 dBm"
"26095","72.803213","Commscope_23:24:6c","Broadcast","802.11","287","-41 dBm"
"26124","72.902571","Commscope_23:24:6c","Broadcast","802.11","287","-39 dBm"
"26154","73.002583","Commscope_23:24:6c","Broadcast","802.11","287","-40 dBm"
"26190","73.106854","Commscope_23:24:6c","Broadcast","802.11","287","-39 dBm"
"26255","73.206689","Commscope_23:24:6c","Broadcast","802.11","287","-39 dBm"
"26291","73.309396","Commscope_23:24:6c","Broadcast","802.11","287","-39 dBm"
"26307","73.326347","Commscope_23:24:6c","VantivaUSA_e6:e2:80","802.11","387","-39 dBm"
"26308","73.327544","Commscope_23:24:6c","VantivaUSA_e6:e2:80","802.11","387","-39 dBm"
"26310","73.328889","Commscope_23:24:6c","VantivaUSA_e6:e2:80","802.11","387","-39 dBm"
"26312","73.328897","Commscope_23:24:6c","VantivaUSA_e6:e2:80","802.11","387","-39 dBm"
"26323","73.338674","Commscope_23:24:6c","VantivaUSA_e6:e2:80","802.11","387","-41 dBm"
"26324","73.338680","Commscope_23:24:6c","VantivaUSA_e6:e2:80","802.11","387","-39 dBm"
"26325","73.338683","Commscope_23:24:6c","VantivaUSA_e6:e2:80","802.11","387","-40 dBm"
"26326","73.339922","Commscope_23:24:6c","VantivaUSA_e6:e2:80","802.11","387","-39 dBm"
"26365","73.409470","Commscope_23:24:6c","Broadcast","802.11","287","-40 dBm"
"26403","73.511972","Commscope_23:24:6c","Broadcast","802.11","287","-41 dBm"
"26442","73.614994","Commscope_23:24:6c","Broadcast","802.11","287","-42 dBm"
"26481","73.717608","Commscope_23:24:6c","Broadcast","802.11","287","-40 dBm"
"26530","73.887133","Commscope_23:24:6c","VantivaUSA_fe:94:cd","802.11","387","-41 dBm"
"26531","73.887137","Commscope_23:24:6c","VantivaUSA_fe:94:cd","802.11","387","-41 dBm"
"26532","73.887141","Commscope_23:24:6c","VantivaUSA_fe:94:cd","802.11","387","-42 dBm"
"26533","73.887145","Commscope_23:24:6c","VantivaUSA_fe:94:cd","802.11","387","-40 dBm"
"26546","73.930097","Commscope_23:24:6c","Broadcast","802.11","287","-42 dBm"
"26582","74.029638","Commscope_23:24:6c","Broadcast","802.11","287","-40 dBm"
"26658","74.229082","Commscope_23:24:6c","Broadcast","802.11","287","-37 dBm"
"26697","74.334237","Commscope_23:24:6c","Broadcast","802.11","287","-36 dBm"
"26715","74.398785","Commscope_23:24:6c","f2:67:4a:d2:6f:32","802.11","387","-33 dBm"
"26716","74.398791","Commscope_23:24:6c","f2:67:4a:d2:6f:32","802.11","387","-33 dBm"
"26718","74.398893","Commscope_23:24:6c","f2:67:4a:d2:6f:32","802.11","387","-33 dBm"
"26720","74.408911","Commscope_23:24:6c","f2:67:4a:d2:6f:32","802.11","387","-34 dBm"
"26722","74.408922","Commscope_23:24:6c","f2:67:4a:d2:6f:32","802.11","387","-33 dBm"
"26723","74.410411","Commscope_23:24:6c","f2:67:4a:d2:6f:32","802.11","387","-35 dBm"
"26726","74.410430","Commscope_23:24:6c","f2:67:4a:d2:6f:32","802.11","387","-34 dBm"
"26783","74.541853","Commscope_23:24:6c","Broadcast","802.11","287","-34 dBm"
"26814","74.638546","Commscope_23:24:6c","Broadcast","802.11","287","-32 dBm"
"26869","74.742894","Commscope_23:24:6c","Broadcast","802.11","287","-31 dBm"
"26889","74.816363","Commscope_23:24:6c","VantivaUSA_21:c1:b7","802.11","387","-31 dBm"
"26891","74.816376","Commscope_23:24:6c","VantivaUSA_21:c1:b7","802.11","387","-31 dBm"
"26892","74.816664","Commscope_23:24:6c","VantivaUSA_21:c1:b7","802.11","387","-33 dBm"
"26893","74.816671","Commscope_23:24:6c","VantivaUSA_21:c1:b7","802.11","387","-31 dBm"
"26895","74.816681","Commscope_23:24:6c","VantivaUSA_d0:97:64","802.11","387","-33 dBm"
"26896","74.817678","Commscope_23:24:6c","VantivaUSA_d0:97:64","802.11","387","-31 dBm"
"26898","74.818812","Commscope_23:24:6c","VantivaUSA_d0:97:64","802.11","387","-31 dBm"
"26899","74.818818","Commscope_23:24:6c","VantivaUSA_d0:97:64","802.11","387","-33 dBm"
"26914","74.844425","Commscope_23:24:6c","Broadcast","802.11","287","-31 dBm"
"26916","74.846675","Commscope_23:24:6c","VantivaUSA_d0:97:64","802.11","387","-33 dBm"
"26930","74.865327","Commscope_23:24:6c","VantivaUSA_14:39:8a","802.11","387","-33 dBm"
"26931","74.865334","Commscope_23:24:6c","VantivaUSA_14:39:8a","802.11","387","-33 dBm"
"26932","74.865437","Commscope_23:24:6c","VantivaUSA_14:39:8a","802.11","387","-33 dBm"
"26933","74.865441","Commscope_23:24:6c","VantivaUSA_14:39:8a","802.11","387","-33 dBm"
"26957","74.950316","Commscope_23:24:6c","Broadcast","802.11","287","-33 dBm"
"26995","75.057646","Commscope_23:24:6c","Broadcast","802.11","287","-31 dBm"
"27028","75.151737","Commscope_23:24:6c","Broadcast","802.11","287","-31 dBm"
"27128","75.355495","Commscope_23:24:6c","Broadcast","802.11","287","-31 dBm"
"27171","75.463689","Commscope_23:24:6c","Broadcast","802.11","287","-33 dBm"
"27195","75.524696","Commscope_23:24:6c","06:e8:2b:68:ce:1d","802.11","387","-31 dBm"
"27207","75.563063","Commscope_23:24:6c","Broadcast","802.11","287","-33 dBm"
"27243","75.664169","Commscope_23:24:6c","Broadcast","802.11","287","-33 dBm"
"27307","75.872857","Commscope_23:24:6c","Broadcast","802.11","287","-33 dBm"
"27366","75.974446","Commscope_23:24:6c","Broadcast","802.11","287","-33 dBm"
"27404","76.073857","Commscope_23:24:6c","Broadcast","802.11","287","0 dBm"
"27446","76.179404","Commscope_23:24:6c","Broadcast","802.11","287","-34 dBm"
"27487","76.282765","Commscope_23:24:6c","Broadcast","802.11","287","-34 dBm"
"27501","76.311952","Commscope_23:24:6c","NestLabs_90:13:f4","802.11","387","-34 dBm"
"27509","76.330211","Commscope_23:24:6c","NestLabs_90:13:f4","802.11","387","-32 dBm"
"27510","76.330216","Commscope_23:24:6c","NestLabs_90:13:f4","802.11","387","-34 dBm"
"27511","76.330220","Commscope_23:24:6c","NestLabs_90:13:f4","802.11","387","-34 dBm"
"27512","76.331464","Commscope_23:24:6c","NestLabs_90:13:f4","802.11","387","-34 dBm"
"27516","76.357117","Commscope_23:24:6c","NestLabs_90:13:f4","802.11","387","0 dBm"
"27526","76.379778","Commscope_23:24:6c","NestLabs_90:13:f4","802.11","387","-33 dBm"
"27527","76.379785","Commscope_23:24:6c","NestLabs_90:13:f4","802.11","387","-32 dBm"
"27529","76.379794","Commscope_23:24:6c","NestLabs_90:13:f4","802.11","387","-33 dBm"
"27530","76.379798","Commscope_23:24:6c","NestLabs_90:13:f4","802.11","387","-34 dBm"
"27531","76.379868","Commscope_23:24:6c","Broadcast","802.11","287","-33 dBm"
"27546","76.424783","Commscope_23:24:6c","NestLabs_90:13:f4","802.11","387","0 dBm"
"27547","76.424892","Commscope_23:24:6c","NestLabs_90:13:f4","802.11","387","0 dBm"
"27552","76.450812","Commscope_23:24:6c","NestLabs_90:13:f4","802.11","387","-32 dBm"
"27553","76.451414","Commscope_23:24:6c","NestLabs_90:13:f4","802.11","387","-32 dBm"
"27554","76.451420","Commscope_23:24:6c","NestLabs_90:13:f4","802.11","387","-33 dBm"
"27555","76.451424","Commscope_23:24:6c","NestLabs_90:13:f4","802.11","387","-33 dBm"
"27573","76.483338","Commscope_23:24:6c","Broadcast","802.11","287","-34 dBm"
"27616","76.584149","Commscope_23:24:6c","Broadcast","802.11","287","-32 dBm"
"27663","76.691350","Commscope_23:24:6c","Broadcast","802.11","287","-33 dBm"
"27691","76.791006","Commscope_23:24:6c","Broadcast","802.11","287","-33 dBm"
"27730","76.895746","Commscope_23:24:6c","Broadcast","802.11","287","-33 dBm"
"27761","77.001990","Commscope_23:24:6c","Broadcast","802.11","287","-36 dBm"
"27787","77.101871","Commscope_23:24:6c","Broadcast","802.11","287","-38 dBm"
"27825","77.204040","Commscope_23:24:6c","Broadcast","802.11","287","-40 dBm"
"27864","77.300902","Commscope_23:24:6c","Broadcast","802.11","287","-40 dBm"
"27906","77.405697","Commscope_23:24:6c","Broadcast","802.11","287","-43 dBm"
"27942","77.509074","Commscope_23:24:6c","Broadcast","802.11","287","-43 dBm"
"27985","77.612557","Commscope_23:24:6c","Broadcast","802.11","287","-40 dBm"
"28028","77.710865","Commscope_23:24:6c","Broadcast","802.11","287","-38 dBm"
"28059","77.814328","Commscope_23:24:6c","Broadcast","802.11","287","-40 dBm"
"28417","78.842532","Commscope_23:24:6c","Broadcast","802.11","287","-40 dBm"
"28447","78.942656","Commscope_23:24:6c","Broadcast","802.11","287","-41 dBm"
"28483","79.054839","Commscope_23:24:6c","Broadcast","802.11","287","-39 dBm"
"28508","79.145954","Commscope_23:24:6c","Broadcast","802.11","287","-39 dBm"
"28543","79.251703","Commscope_23:24:6c","Broadcast","802.11","287","-38 dBm"
"28582","79.350542","Commscope_23:24:6c","Broadcast","802.11","287","-42 dBm"
"28608","79.457382","Commscope_23:24:6c","Broadcast","802.11","287","-44 dBm"
"28643","79.559713","Commscope_23:24:6c","Broadcast","802.11","287","-44 dBm"
"28669","79.660303","Commscope_23:24:6c","Broadcast","802.11","287","0 dBm"
"28712","79.781297","Commscope_23:24:6c","Broadcast","802.11","287","-40 dBm"
"28732","79.867210","Commscope_23:24:6c","Broadcast","802.11","287","-40 dBm"
"28757","79.963287","Commscope_23:24:6c","Broadcast","802.11","287","-39 dBm"
"28787","80.071597","Commscope_23:24:6c","Broadcast","802.11","287","-40 dBm"
"28815","80.174173","Commscope_23:24:6c","Broadcast","802.11","287","-44 dBm"
"28839","80.274953","Commscope_23:24:6c","Broadcast","802.11","287","-41 dBm"
"28874","80.386688","Commscope_23:24:6c","Broadcast","802.11","287","-41 dBm"
"28893","80.489461","Commscope_23:24:6c","Broadcast","802.11","287","-40 dBm"
"28911","80.549152","Commscope_23:24:6c","ae:61:d6:3d:62:0d","802.11","387","-40 dBm"
"28921","80.593722","Commscope_23:24:6c","Broadcast","802.11","287","-40 dBm"
"28940","80.686658","Commscope_23:24:6c","Broadcast","802.11","287","-40 dBm"
"28961","80.783678","Commscope_23:24:6c","Broadcast","802.11","287","-40 dBm"
"28986","80.890817","Commscope_23:24:6c","Broadcast","802.11","287","-40 dBm"
"29011","80.993097","Commscope_23:24:6c","Broadcast","802.11","287","-39 dBm"
"29036","81.095864","Commscope_23:24:6c","Broadcast","802.11","287","-39 dBm"
"29062","81.197825","Commscope_23:24:6c","Broadcast","802.11","287","-39 dBm"
"29098","81.287556","Commscope_23:24:6c","VantivaUSA_d4:85:65","802.11","387","-39 dBm"
"29099","81.289118","Commscope_23:24:6c","VantivaUSA_d4:85:65","802.11","387","-39 dBm"
"29100","81.289900","Commscope_23:24:6c","VantivaUSA_d4:85:65","802.11","387","-38 dBm"
"29101","81.290519","Commscope_23:24:6c","VantivaUSA_d4:85:65","802.11","387","-39 dBm"
"29108","81.298801","Commscope_23:24:6c","Broadcast","802.11","287","-39 dBm"
"29131","81.399671","Commscope_23:24:6c","Broadcast","802.11","287","-39 dBm"
"29156","81.505175","Commscope_23:24:6c","Broadcast","802.11","287","-40 dBm"
"29190","81.606364","Commscope_23:24:6c","Broadcast","802.11","287","-40 dBm"
"29234","81.719129","Commscope_23:24:6c","Broadcast","802.11","287","-39 dBm"
"29261","81.808234","Commscope_23:24:6c","Broadcast","802.11","287","-39 dBm"
"29315","82.020219","Commscope_23:24:6c","Broadcast","802.11","287","-38 dBm"
"29338","82.115436","Commscope_23:24:6c","Broadcast","802.11","287","-39 dBm"
"29366","82.223677","Commscope_23:24:6c","Broadcast","802.11","287","-39 dBm"
"29393","82.323891","Commscope_23:24:6c","Broadcast","802.11","287","-39 dBm"
"29404","82.346928","Commscope_23:24:6c","Qolsys_cb:c7:26","802.11","387","-40 dBm"
"29405","82.346933","Commscope_23:24:6c","Qolsys_cb:c7:26","802.11","387","-40 dBm"
"29406","82.346936","Commscope_23:24:6c","Qolsys_cb:c7:26","802.11","387","-40 dBm"
"29407","82.347042","Commscope_23:24:6c","Qolsys_cb:c7:26","802.11","387","-39 dBm"
"29424","82.425973","Commscope_23:24:6c","Broadcast","802.11","287","-40 dBm"
"29461","82.525005","Commscope_23:24:6c","Broadcast","802.11","287","-40 dBm"
"29503","82.631513","Commscope_23:24:6c","Broadcast","802.11","287","-41 dBm"
"29522","82.697384","Commscope_23:24:6c","8e:d3:b1:84:b5:65","802.11","387","-41 dBm"
"29523","82.697496","Commscope_23:24:6c","8e:d3:b1:84:b5:65","802.11","387","-41 dBm"
"29524","82.697500","Commscope_23:24:6c","8e:d3:b1:84:b5:65","802.11","387","-41 dBm"
"29525","82.697503","Commscope_23:24:6c","8e:d3:b1:84:b5:65","802.11","387","-41 dBm"
"29538","82.743304","Commscope_23:24:6c","Broadcast","802.11","287","-41 dBm"
"29557","82.832461","Commscope_23:24:6c","Broadcast","802.11","287","-41 dBm"
"29591","82.934807","Commscope_23:24:6c","Broadcast","802.11","287","-41 dBm"
"29625","83.042938","Commscope_23:24:6c","Broadcast","802.11","287","-41 dBm"
"29651","83.139531","Commscope_23:24:6c","Broadcast","802.11","287","-41 dBm"
"29700","83.245726","Commscope_23:24:6c","Broadcast","802.11","287","-42 dBm"
"29734","83.341968","Commscope_23:24:6c","VantivaUSA_e6:e2:80","802.11","387","-42 dBm"
"29735","83.341974","Commscope_23:24:6c","VantivaUSA_e6:e2:80","802.11","387","-41 dBm"
"29736","83.341978","Commscope_23:24:6c","VantivaUSA_e6:e2:80","802.11","387","-42 dBm"
"29737","83.341983","Commscope_23:24:6c","VantivaUSA_e6:e2:80","802.11","387","-41 dBm"
"29739","83.343144","Commscope_23:24:6c","Broadcast","802.11","287","-42 dBm"
"29749","83.350180","Commscope_23:24:6c","VantivaUSA_e6:e2:80","802.11","387","-42 dBm"
"29751","83.350186","Commscope_23:24:6c","VantivaUSA_e6:e2:80","802.11","387","-41 dBm"
"29752","83.351660","Commscope_23:24:6c","VantivaUSA_e6:e2:80","802.11","387","-41 dBm"
"29754","83.351668","Commscope_23:24:6c","VantivaUSA_e6:e2:80","802.11","387","-42 dBm"
"29789","83.457980","Commscope_23:24:6c","Broadcast","802.11","287","-42 dBm"
"29851","83.651593","Commscope_23:24:6c","Broadcast","802.11","287","-41 dBm"
"29878","83.759667","Commscope_23:24:6c","Broadcast","802.11","287","0 dBm"
"29910","83.855800","Commscope_23:24:6c","Broadcast","802.11","287","-42 dBm"
"29938","83.959238","Commscope_23:24:6c","Broadcast","802.11","287","-42 dBm"
"29979","84.059890","Commscope_23:24:6c","Broadcast","802.11","287","-42 dBm"
"30000","84.167779","Commscope_23:24:6c","Broadcast","802.11","287","-44 dBm"
